AGRN	O00468	103320
GABRD	O14764	137163
PEX10	O60683	602859
MMEL1	Q495T6	618104
PRDM16	Q9HAZ2	605557
NPHP4	O75161	607215
KCNAB2	Q13303	601142
TNFRSF25	Q93038	603366
PLEKHG5	O94827	611101
TAS1R1	Q7RTX1	606225
CAMTA1	Q9Y6Y1	611501
PER3	P56645	603427
UTS2	O95399	604097
ENO1	P06733	172430
CA6	P23280	114780
H6PD	O95479	138090
PEX14	O75381	601791
MASP2	O00187	605102
MTOR	P42345	601231
MTOR-AS1	anon	x
MTHFR	P42898	607093
NPPB	P16860	600295
PLOD1	Q02809	153454
MFN2	O95140	608507
PRDM2	Q13029	601196
CASP9	P55211	602234
FBLIM1	Q8WUP2	607747
CLCNKA	P51800	602024
CLCNKB	P51801	602023
SPATA21	Q7Z572	x
ATP13A2	Q9NQ11	610513
SDHB	P21912	185470
PAX7	P23759	167410
TAS1R2	Q8TE23	606226
ALDH4A1	P30038	606811
EMC1	Q8N766	616846
HTR6	P50406	601109
PLA2G2D	Q9UNK4	605630
CDA	P32320	123920
PINK1	Q9BXM7	608309
PINK1-AS	anon	x
DDOST	P39656	602202
KIF17	Q9P2E2	605037
EIF4G3	O43432	603929
ECE1	P42892	600423
ALPL	P05186	171760
HSPG2	P98160	142461
ZBTB40	Q9NUA8	612106
EPHB2	P29323	600997
ID3	Q02535	600277
RPL11	P62913	604175
HMGCL	P35914	613898
FUCA1	P04066	612280
GRHL3	Q8TE85	608317
STPG1	Q5TH74	615826
RUNX3	Q13761	600210
SELENON	Q9NZV5	606210
TRIM63	Q969Q1	606131
CATSPER4	Q7RTX7	609121
DHDDS	Q86SQ9	608172
YTHDF2	Q9Y5A9	610640
EPB41	P11171	130500
PTPRU	Q92729	602454
HCRTR1	O43613	602392
YARS	P54577	603623
AK2	P54819	103020
SMIM12	Q96EX1	x
GJB4	Q9NTQ9	605425
GJA4	P35212	121012
TEKT2	Q9UIF3	608953
COL8A2	P25067	120252
MRPS15	P82914	611979
CSF3R	Q99062	138971
GRIK3	Q13003	138243
MTF1	Q14872	600172
MYCL	P12524	164850
PPT1	P50897	600722
RLF	Q13129	180610
COL9A2	Q14055	120260
SMAP2	Q8WU79	616916
RIMS3	Q9UJD0	611600
KCNQ4	P56696	603537
EDN2	P20800	131241
P3H1	Q32P28	610339
SLC2A1	P11166	138140
EBNA1BP2	Q99848	614443
CFAP57	Q96MR6	614259
MED8	Q96G25	607956
SZT2	Q5T011	615463
PTPRF	P10586	179590
ST3GAL3	Q11203	606494
UROD	P06132	613521
MUTYH	Q9UIF7	604933
MMACHC	Q9Y4U1	609831
POMGNT1	Q8WZA1	606822
RAD54L	Q92698	603615
LRRC41	Q15345	x
FAAH	O00519	602935
CYP4A11	Q02928	601310
TAL1	P17542	187040
STIL	Q15468	181590
CMPK1	P30085	191710
FOXE3	Q13461	601094
AGBL4	Q5VU57	616476
CPT2	P23786	600650
LRP8	Q14114	602600
DIO1	P49895	147892
MRPL37	Q9BZE1	611843
PARS2	Q7L3T8	612036
DHCR24	Q15392	606418
PCSK9	Q8NBP7	607786
USP24	Q9UPU5	610569
C8A	P07357	120950
C8B	P07358	120960
TACSTD2	P09758	137290
HOOK1	Q9UJC3	607820
NFIA	Q12857	600727
ALG6	Q9Y672	604566
PGM1	P36871	171900
DNAJC6	O75061	608375
LEPR	P48357	601007
PDE4B	Q07343	600127
SLC35D1	Q9NTN3	610804
C1orf141	Q5JVX7	x
IL23R	Q5VWK5	607562
IL12RB2	Q99665	601642
NEGR1	Q7Z3B1	613173
FPGT-TNNI3K	anon	x
TNNI3K	Q59H18	613932
LHX8	Q68G74	604425
ACADM	P11310	607008
MSH4	O15457	602105
FUBP1	Q96AE4	603444
IFI44L	Q53G44	613975
BCL10	O95999	603517
ZNHIT6	Q9NWK9	x
CLCA2	Q9UQC9	604003
CLCA1	A8K7I4	603906
SELENOF	O60613	606254
ZNF644	Q9H582	614159
TGFBR3	Q03167	600742
GLMN	Q92990	601749
GFI1	Q99684	600871
EVI5	O60447	602942
ABCA4	P78363	601691
ABCD3	P28288	170995
F3	P13726	134390
DPYD	Q12882	612779
AGL	P35573	610860
DBT	P11182	248610
VCAM1	P19320	192225
COL11A1	P12107	120280
NTNG1	Q9Y2I2	608818
AKNAD1	Q5T1N1	x
GPSM2	P81274	609245
SARS	P49591	607529
SORT1	Q99523	602458
GNAI3	P08754	139370
GNAT2	P19087	139340
GSTM4	Q03013	138333
GSTM2	P28161	138380
GSTM1	P09488	138350
GSTM5	P46439	138385
GSTM3	P21266	138390
CSF1	P09603	120420
SLC6A17	Q9H1V8	610299
RBM15	Q96T37	606077
PROK1	P58294	606233
CHI3L2	Q15782	601526
CHIA	Q9BZP6	606080
OVGP1	Q12889	603578
TMIGD3	P0DMS9	x
ADORA3	P0DMS8	600445
RAP1A	P62834	179520
DDX20	Q9UHI6	606168
KCND3	Q9UK17	605411
SLC16A1	P53985	600682
PTPN22	Q9Y2R2	600716
AP4B1-AS1	anon	x
TRIM33	Q9UPN9	605769
AMPD1	P23109	102770
TSHB	P01222	188540
NGF	P01138	162030
CASQ2	O14958	114251
SLC22A15	Q8IZD6	608275
TTF2	Q9UNY4	604718
SPAG17	Q6Q759	616554
PHGDH	O43175	606879
HMGCS2	P54868	600234
FMO5	P49326	603957
CHD1L	Q86WJ1	613039
LINC00624	anon	x
BCL9	O00512	602597
PRPF3	O43395	607301
TARS2	Q9BW92	612805
ECM1	Q16610	602201
ADAMTSL4	Q6UY14	610113
MCL1	Q07820	159552
CTSK	P43235	601105
ARNT	P27540	126110
SETDB1	Q15047	604396
PSMB4	P28070	602177
POGZ	Q7Z3K3	614787
MRPL9	Q9BYD2	611824
OAZ3	Q9UMX2	605138
LCE5A	Q5TCM9	612619
SPRR3	Q9UBC9	182271
LOR	P23490	152445
TPM3	P06753	191030
IL6R	P08887	147880
ADAR	P55265	146920
KCNN3	Q9UGI6	602983
MUC1	P15941	158340
PKLR	P30613	609712
ASH1L	Q9NR48	607999
GON4L	Q3T8J9	610393
SYT11	Q9BT88	608741
RIT1	Q92963	609591
SEMA4A	Q9H3S1	607292
MEF2D	Q14814	600663
IQGAP3	Q86VI3	x
MRPL24	Q96A35	611836
PRCC	Q92733	179755
SH2D2A	Q9NP31	604514
NTRK1	P04629	191315
PEAR1	Q5VY43	610278
ARHGEF11	O15085	605708
FCRL3	Q96P31	606510
CD1A	P06126	188370
CD1E	P15812	188411
SPTA1	P02549	182860
CADM3-AS1	anon	x
ACKR1	Q16570	613665
FCER1A	P12319	147140
DUSP23	Q9BVJ7	x
KCNJ10	P78508	602208
PIGM	Q9H3S5	610273
ATP1A2	P50993	182340
PEX19	P40855	600279
NCSTN	Q92542	605254
VANGL2	Q9ULK5	600533
USF1	P22415	191523
NECTIN4	Q96NY8	609607
ATF6	P18850	605537
NOS1AP	O75052	605551
DDR2	Q16832	191311
PBX1	P40424	176310
RXRG	P48443	180247
MGST3	O14880	604564
ALDH9A1	P49189	602733
TMCO1	Q9UM00	614123
ADCY10	Q96PN6	605205
TBX19	O60806	604614
ATP1B1	P05026	182330
F5	P12259	612309
SELP	P16109	173610
C1orf112	Q9NSG2	x
SELL	P14151	153240
SELE	P16581	131210
KIFAP3	Q92845	601836
GORAB	Q5T7V8	607983
FMO2	Q99518	603955
FMO4	P31512	136131
MYOCOS	A0A1B0GUC4	x
MYOC	Q99972	601652
TNR	Q92752	601995
COP1	Q8NHY2	608067
SEC16B	Q96JE7	612855
CRYZL2P-SEC16B	anon	x
AXDND1	Q5T1B0	x
NPHS2	Q9NP85	604766
LHX4	Q969G2	602146
ACBD6	Q9BR61	616352
KIAA1614	Q5VZ46	x
CACNA1E	Q15878	601013
GLUL	P15104	138290
RNASEL	Q05823	180435
NPL	Q9BXD5	611412
DHX9	Q08211	603115
LAMC1	P11047	150290
LAMC2	Q13753	150292
HMCN1	Q96RW7	608548
PRG4	Q92954	604283
PTGS2	P35354	600262
PLA2G4A	P47712	600522
RGS2	P41220	600861
TROVE2	P10155	x
CFH	P08603	134370
CFHR2	P36980	600889
F13B	P05160	134580
ASPM	Q8IZT6	605481
CRB1	P82279	604210
DDX59	Q5T1V6	615464
CACNA1S	Q13698	114208
TMEM9	Q9P0T7	616877
PKP1	Q13835	601975
TNNT2	P45379	191045
LAD1	O00515	602314
ADORA1	P30542	102775
CHI3L1	P36222	601525
CHIT1	Q13231	600031
ATP2B4	P23634	108732
MDM4	O15151	602704
DSTYK	Q6XUX3	612666
CDK18	Q07002	169190
RAB29	O14966	603949
SLC41A1	Q8IVJ1	610801
SLC26A9	Q7LBE3	608481
AVPR1B	P47901	600264
SRGAP2	O75044	606524
IL10	P22301	124092
IL19	Q9UHD0	605687
PIGR	P01833	173880
C4BPA	P04003	120830
CD55	P08174	125240
CR2	P20023	120650
CR1	P17927	120620
CD46	P15529	120920
LAMB3	Q13751	150310
SYT14	Q8NB59	610949
HHAT	Q5VTY9	605743
FLVCR1	Q9Y5Y0	609144
PTPN14	Q15678	603155
USH2A	O75445	608400
ESRRG	P62508	602969
SLC30A10	Q6XR72	611146
IARS2	Q9NSE4	612801
RAB3GAP2	Q9H2M9	609275
MIA3	Q5JRA6	613455
DISP1	Q96F81	607502
TLR5	O60602	603031
LBR	Q14739	600024
PARP1	P09874	173870
PSEN2	P49810	600759
COQ8A	Q8NI60	606980
OBSCN	Q5VST9	608616
HIST3H3	Q16695	602820
GALNT2	Q10471	602274
AGT	P01019	106150
GNPAT	O15228	602744
EGLN1	Q9GZT9	606425
TSNAX-DISC1	anon	x
DISC1	Q9NRI5	605210
LYST	Q99698	606897
NID1	P14543	131390
EDARADD	Q8WWZ3	606603
ACTN2	P35609	102573
MTR	Q99707	156570
RYR2	Q92736	180902
CHRM3	P20309	118494
FMN2	Q9NZ56	606373
RGS7	P49802	602517
EXO1	Q9UQ84	606063
SDCCAG8	Q86SQ7	613524
SMYD3	Q9H7B4	608783
NLRP3	Q96P20	606416
OR13G1	Q8NGZ3	611677
TAS1R3	Q7RTX0	605865
CDK11A	Q9UQ88	116951
FAM213B	Q8TBF2	x
TP73	O15350	601990
SLC2A5	P22732	138230
PIK3CD	O00329	602839
TNFRSF1B	P20333	191191
DHRS3	O75911	612830
HSPB7	Q9UBY9	610692
EPHA2	P29317	176946
PLA2G2A	P14555	172411
LDLRAD2	Q5SZI1	x
RSRP1	Q9BUV0	x
RHD	Q02161	111680
LDLRAP1	Q5SW96	605747
CNKSR1	Q969H4	603272
OPRD1	P41143	165195
SDC3	O75056	186357
AZIN2	Q96A70	608353
SNIP1	Q8TAD8	608241
MFSD2A	Q8NA29	614397
EXO5	Q9H790	x
CLDN19	Q8N6F1	610036
PTCH2	Q9Y6C5	603673
ORC1	Q13415	601902
BSND	Q8WZ55	606412
PRKAA2	P54646	600497
JAK1	P23458	147795
RPE65	Q16518	180069
LRRC53	A6NM62	x
DDAH1	O94760	604743
GCLM	P48507	601176
AP4B1	Q9Y6B7	607245
TBX15	Q96SF7	604127
GJA8	P48165	600897
S100A14	Q9HCY8	607986
LAMTOR2	Q9Y2Q5	610389
SDHC	Q99643	602413
FMO3	P31513	136132
FMO6P	O60774	x
SERPINC1	P01008	107300
SMG7	Q92540	610964
NCF2	P19878	608515
CFHR1	Q03591	134371
SYT2	Q8N9I0	600104
IRF6	O14896	607199
B3GALNT2	Q8NCR0	610194
COX20	Q5RI15	614698
HNRNPU	Q00839	602869
SNTG2	Q9NY99	608715
TPO	P07202	606765
PXDN	Q92626	605158
MYT1L	Q9UL68	613084
COLEC11	Q9BWP8	612502
ALLC	Q8N6M5	612396
IAH1	Q2TAA2	x
ADAM17	P78536	603639
KLF11	O14901	603301
ROCK2	O75116	604002
LPIN1	Q14693	605518
NBAS	A2RRP1	608025
SMC6	Q96SB8	609387
GEN1	Q17RS7	612449
KCNS3	Q9BQ31	603888
OSR1	Q8TAX0	608891
WDR35	Q9P2L0	613602
HS1BP3	Q53T59	609359
APOB	P04114	107730
ITSN2	Q9NZM3	604464
NCOA1	Q15788	602691
ADCY3	O60266	600291
DNMT3A	Q9Y6K1	602769
HADHA	P40939	600890
DRC1	Q96MC2	615288
OTOF	Q9HC10	603681
KCNK3	O14649	603220
KHK	P50053	614058
KRTCAP3	Q53RY4	x
IFT172	Q9UG01	607386
GCKR	Q14397	600842
C2orf71	A6NGG8	x
ALK	Q9UM73	105590
CAPN13	Q6MZZ7	610228
XDH	P47989	607633
SRD5A2	P31213	607306
LTBP1	Q14766	150390
CRIM1	Q9NZV1	606189
FEZ2	Q9UHY8	604826
CYP1B1	Q16678	601771
SOS1	Q07889	182530
SLC8A1-AS1	anon	x
SLC8A1	P32418	182305
THADA	Q6YHU6	611800
ABCG8	Q9H221	605460
LRPPRC	P42704	607544
SLC3A1	Q07837	104614
PREPL	Q4J6C6	609557
SIX3	O95343	603714
EPAS1	Q99814	603349
TTC7A	Q9ULT0	609332
STPG4	Q8N801	x
EPCAM	P16422	185535
MSH2	P43246	609309
MSH6	P52701	600678
FBXO11	Q86XK2	607871
STON1-GTF2A1L	anon	x
GTF2A1L	Q9UNN4	605358
LHCGR	P22888	152790
FSHR	P23945	136435
NRXN1	P58400	600565
PNPT1	Q8TCS8	610316
FANCL	Q9NW38	608111
BCL11A	Q9H165	606557
FAM161A	Q3B820	613596
WDPCP	O95876	613580
MDH1	P40925	154200
ANTXR1	Q9H6X2	606410
RNA5SP96	anon	x
GFPT1	Q06210	138292
NFU1	Q9UMS0	608100
ASPRV1	Q53RT3	611765
FIGLA	Q6QHK4	608697
CD207	Q9UJ71	604862
VAX2	Q9UIW0	604295
ATP6V1B1	P15313	192132
DYSF	O75923	603009
RAB11FIP5	Q9BXF6	605536
ALMS1	Q8TCU4	606844
DGUOK	Q16854	601465
DGUOK-AS1	anon	x
BOLA3	Q53S33	613183
SLC4A5	Q9BY07	606757
MOGS	Q13724	601336
HK2	P52789	601125
TACR1	P25103	162323
REG1A	P05451	167770
SUCLG1	P53597	611224
GGCX	P38435	137167
SFTPB	P07988	178640
IMMT	Q16891	600378
REEP1	Q9H902	609139
CD8A	P01732	186910
FABP1	P07148	134650
EIF2AK3	Q9NZJ5	604032
RPIA	P49247	180430
MRPS5	P82675	611972
ADRA2B	P18089	104260
SNRNP200	O75643	601664
CNGA3	Q16281	600053
INPP4A	Q96PE3	600916
AFF3	P51826	601464
CHST10	O43529	606376
NPAS2	Q99743	603347
RFX8	Q6ZV50	x
IL1R1	P14778	147810
IL1RL1	Q01638	601203
IL18R1	Q13478	604494
IL18RAP	O95256	604509
MRPS9	P82933	611975
TGFBRAP1	Q8WUH2	606237
FHL2	Q14192	602633
SULT1C4	O75897	608357
RANBP2	P49792	601181
EDAR	Q9UNE0	604095
MIR4435-2HG	anon	617144
BCL2L11	O43521	603827
MERTK	Q12866	604705
IL1A	P01583	147760
IL1RN	P18510	147679
PAX8-AS1	anon	x
PAX8	Q06710	167415
DPP10	Q8N608	608209
DBI	P07108	125950
GLI2	P10070	165230
CNTNAP5	Q8WYK1	610519
GYPC	P04921	110750
ERCC3	P19447	133510
PROC	P04070	612283
MYO7B	Q6PIF6	606541
PTPN18	Q99952	606587
LCT	P09848	603202
MCM6	Q14566	601806
KYNU	Q16719	605197
ZEB2	O60315	605802
ORC4	O43929	603056
MBD5	Q9P267	611472
MMADHC	Q9H3L0	611935
RIF1	Q5UIP0	608952
NEB	P20929	161650
KCNJ3	P48549	601534
NR4A2	P43354	601828
GPD2	P43304	138430
ACVR1C	Q8NER5	608981
ACVR1	Q04771	102576
IFIH1	Q9BYX4	606951
GRB14	Q14449	601524
SCN3A	Q9NY46	182391
SCN2A	Q99250	182390
GALNT3	Q14435	601756
TTC21B	Q7Z4L5	612014
SCN1A	P35498	182389
SCN9A	Q15858	603415
STK39	Q9UEW8	607648
SPC25	Q9HBM1	609395
G6PC2	Q9NQR9	608058
ABCB11	O95342	603201
LRP2	P98164	600073
PPIG	Q13427	606093
UBR3	Q6ZT12	613831
GAD1	Q99259	605363
TLK1	Q9UKI8	608438
DCAF17	Q5H9S7	612515
CYBRD1	Q53TN4	605745
SLC25A12	O75746	603667
DLX2	Q07687	126255
PDK1	Q15118	602524
WIPF1	O43516	602357
CHRNA1	P02708	100690
ATP5MC3	P48201	602736
AGPS	O00116	603051
PDE11A	Q9HCR9	604961
PJVK	Q0ZLH3	610219
TTN-AS1	anon	x
TTN	Q8WZ42	188840
ZNF385B	Q569K4	612344
ITGA4	P13612	192975
CERKL	Q49MI3	608381
NCKAP1	Q9Y2A7	604891
ZNF804A	Q7Z570	612282
TFPI	P10646	152310
COL3A1	P02461	120180
COL5A2	P05997	120190
SLC40A1	Q9NP59	604653
HIBCH	Q6NVY1	610690
SF3B1	O75533	605590
SATB2	Q9UPW6	608148
AOX1	Q06278	602841
CFLAR	O15519	603599
CASP10	Q92851	601762
CASP8	Q14790	601763
TRAK2	O60296	607334
STRADB	Q9C0K7	607333
TMEM237	Q96Q45	614423
MPP4	Q96JB8	606575
ALS2	Q96Q42	606352
CTLA4	P16410	123890
ICOS	Q9Y6W8	604558
PARD3B	Q8TEW8	x
NRP2	O60462	602070
NDUFS1	P28331	157655
EEF1B2	P24534	600655
GPR1	P46091	600239
CPO	Q8IVL8	609563
KLF7	O75840	604865
MYOSLID	anon	x
CRYGD	P07320	123690
CRYGB	P07316	123670
IDH1	O75874	147700
PIKFYVE	Q9Y2I7	609414
MAP2	P11137	157130
UNC80	Q8N2C7	612636
ACADL	P28330	609576
CPS1	P31327	608307
ERBB4	Q15303	600543
SPAG16	Q8N0X2	612173
BARD1	Q99728	601593
ABCA12	Q86UK0	607800
ATIC	P31939	601731
FN1	P02751	135600
PECR	Q9BY49	605843
XRCC5	P13010	194364
SMARCAL1	Q9NZC9	606622
IGFBP5	P24593	146734
TNP1	P09430	190231
CXCR1	P25024	146929
SLC11A1	P49279	600266
BCS1L	Q9Y276	603647
PRKAG3	Q9UGI9	604976
IHH	Q14623	600726
NHEJ1	Q9H9Q4	611290
DES	P17661	125660
OBSL1	O75147	610991
INHA	P05111	147380
SLC4A3	P48751	106195
PAX3	P23760	606597
KCNE4	Q8WWG9	607775
MRPL44	Q9H9J2	611849
CUL3	Q13618	603136
COL4A4	P53420	120131
COL4A3	Q01955	120070
MFF	Q9GZY8	614785
SLC19A3	Q9BZV2	606152
TRIP12	Q14669	604506
SP110	Q9HB58	604457
SP140	Q13342	608602
SP100	P23497	604585
GPR55	Q9Y2T6	604107
ECEL1	O95672	605896
PRSS56	P0CW18	613858
CHRND	Q07001	100720
GIGYF2	Q6Y7W6	612003
NEU2	Q9Y3R4	605528
ATG16L1	Q676U5	610767
SAG	P10523	181031
UGT1A8	Q9HAW9	606433
UGT1A10	Q9HAW8	606435
UGT1A9	O60656	606434
UGT1A7	Q9HAW7	606432
UGT1A6	P19224	606431
COL6A3	P12111	120250
MLPH	Q9BV36	606526
PER2	O15055	603426
TRAF3IP1	Q8TDR0	607380
HDAC4	P56524	605314
NDUFA10	O95299	603835
CAPN10	Q9HC96	605286
KIF1A	Q12756	601255
AGXT	P21549	604285
PASK	Q96RG2	607505
HDLBP	Q00341	142695
D2HGDH	Q8N465	609186
MATN3	O15232	602109
FAM228B	P0C875	x
TP53I3	Q53FA7	605171
PRKD3	O94806	607077
CYP1B1-AS1	anon	x
MCFD2	Q8NI22	607788
APLF	Q8IW19	611035
PROKR1	Q8TCW9	607122
ATP6V1B1-AS1	anon	x
DCTN1	Q14203	601143
DCTN1-AS1	anon	x
MRPL53	Q96EL3	611857
CCDC142	Q17RM4	x
ZAP70	P43403	176947
COA5	Q86WW8	613920
SLC5A7	Q9GZV3	608761
RAB3GAP1	Q15042	602536
ZRANB3	Q5FWF4	615655
SLC4A10	Q6U841	605556
CERS6	Q6ZMG9	615336
BBS5	Q8N3I7	603650
PRKRA	O75569	603424
FRZB	Q92765	605083
PMS1	P54277	600258
CRYGEP	anon	x
PNKD	Q8N490	609023
CATIP-AS2	anon	x
ABCB6	Q9NP58	605452
DIS3L2	Q8IYB7	614184
KCNJ13	O60928	603208
DGKD	Q16760	601826
UGT1A5	P35504	606430
UGT1A4	P22310	606429
UGT1A3	P35503	606428
UGT1A1	P22309	191740
ANO7	Q6IWH7	605096
PDCD1	Q15116	600244
CHL1	O00533	607416
CNTN6	Q9UQ52	607220
CNTN4	Q8IWV2	607280
CNTN4-AS1	anon	x
TRNT1	Q96Q11	612907
CRBN	Q96SW2	609262
SUMF1	Q8NBK3	607939
ITPR1	Q14643	147265
GRM7	Q14831	604101
SSUH2	Q9Y2M2	617479
CAV3	P56539	601253
OXTR	P30559	167055
SRGAP3	O43295	606525
SETD5	Q9C0A6	615743
CRELD1	Q96HD1	607170
FANCD2	Q9BXW9	613984
FANCD2OS	Q96PS1	x
ATP2B2	Q01814	108733
ATG7	O95352	608760
FANCD2P2	anon	x
RAF1	P04049	164760
XPC	Q01831	613208
SLC6A6	P31641	186854
COLQ	Q9Y215	603033
DAZL	Q92904	601486
RARB	P10826	180220
SLC4A7	Q9Y6M7	603353
TGFBR2	P37173	190182
GLB1	P16278	611458
TMPPE	Q6ZT21	x
CRTAP	O75718	605497
PDCD6IP	Q8WUM4	608074
MLH1	P40692	120436
ITGA9	Q13797	603963
ITGA9-AS1	anon	x
DLEC1	Q9Y238	604050
SLC22A14	Q9Y267	604048
ACVR2B	Q13705	602730
SCN5A	Q14524	600163
SCN10A	Q9Y5Y9	604427
SCN11A	Q9UI33	604385
CX3CR1	P49238	601470
SLC25A38	Q96DW6	610819
RPSA	P08865	150370
SNORA6	anon	x
CTNNB1	P35222	116806
ACKR2	O00590	602648
KRBOX1	C9JBD0	x
CYP8B1	Q9UNU6	602172
SNRK	Q9NRH2	612760
ANO10	Q9NW15	613726
LARS2	Q15031	604544
LARS2-AS1	anon	x
SLC6A20	Q9NP91	605616
FYCO1	Q9BQS8	607182
CCRL2	O00421	608379
LTF	P02788	150210
LRRC2	Q9BYS8	607180
TDGF1	P13385	187395
ALS2CL	Q60I27	612402
MYL3	P08590	160790
NBEAL2	Q6ZNJ1	614169
SCAP	Q12770	601510
COL7A1	Q02388	120120
UQCRC1	P31930	191328
LAMB2	P55268	150325
AMT	P48728	238310
DAG1	Q14118	128239
GMPPB	Q9Y5P6	615320
MST1R	Q04912	600168
CISH	Q9NSE2	602441
DOCK3	Q8IZD9	603123
TLR9	Q9NR96	605474
WDR82	Q6UXN9	611059
GLYCTK	Q8IVS8	610516
GLYCTK-AS1	anon	x
NEK4	P51957	601959
ITIH1	P19827	147270
ITIH3	Q06033	146650
ITIH4	Q14624	600564
RFT1	Q96AA3	611908
PRKCD	Q05655	176977
TKT	P29401	606781
CACNA1D	Q01668	114206
CHDH	Q8NE62	x
IL17RB	Q9NRM6	605458
CACNA2D3	Q8IZS8	606399
CACNA2D3-AS1	anon	x
IL17RD	Q8NFM7	606807
FLNB	O75369	603381
FLNB-AS1	anon	x
DNASE1L3	Q13609	602244
PDHB	P11177	179060
ATXN7	O15265	607640
PRICKLE2	Q7Z3G6	608501
PRICKLE2-AS3	anon	x
MAGI1	Q96QZ7	602625
SUCLG2	Q96I99	603922
UBA3	Q8TBC4	603172
ARL6IP5	O75915	605709
FOXP1	Q9H334	605515
PROK2	Q9HC23	607002
ROBO2	Q9HCK4	602431
ROBO1	Q9Y6N7	602430
GBE1	Q04446	607839
EPHA3	P29320	179611
CPOX	P36551	612732
TBC1D23	Q9NUY8	617687
ABI3BP	Q7Z7G0	606279
IMPG2	Q9BZV3	607056
ALCAM	Q13740	601662
CBLB	Q13191	604491
MYH15	Q9Y2K3	609929
CD96	P40200	606037
BTLA	Q7Z6A9	607925
DRD3	P35462	126451
ARHGAP31	Q2M1Z3	610911
TMEM39A	Q9NV64	x
NR1I2	O75469	603065
HGD	Q93099	607474
POLQ	O75417	604419
HCLS1	P14317	601306
IQCB1	Q15051	609237
SLC15A2	Q16348	602339
ILDR1	Q86SU0	609739
CD86	P42081	601020
CASR	P41180	601199
CSTA	P01040	184600
KPNA1	P52294	600686
ADCY5	O95622	600293
MYLK	Q15746	600922
CCDC14	Q49A88	617147
KALRN	O60229	604605
UMPS	P11172	613891
MUC13	Q9H3R2	612181
UROC1	Q96N76	613012
MGLL	Q99685	609699
ACAD9	Q9H845	611103
CNBP	P62633	116955
MBD4	O95243	603574
PLXND1	Q9Y4D7	604282
TRH	P20396	613879
COL6A4P2	anon	616612
COL6A5	A8TX70	611916
PIK3R4	Q99570	602610
ATP2C1	P98194	604384
MRPL3	P09001	607118
NPHP3-ACAD11	anon	x
NPHP3	Q7Z494	608002
BFSP2	Q13515	603212
BFSP2-AS1	anon	x
TOPBP1	Q92547	607760
TF	P02787	190000
SLCO2A1	Q92959	601460
RYK	P34925	600524
CEP63	Q96MT8	614724
STAG1	Q8WVM7	604358
SLC35G2	Q8TBE7	617812
NCK1-DT	anon	x
IL20RB	Q6UXL0	605621
IL20RB-AS1	anon	x
A4GNT	Q9UNA3	616709
PIK3CB	P42338	602925
CLSTN2	Q9H4D0	611323
ATR	Q13535	601215
SLC9A9	Q8IVB4	608396
PLOD2	O00469	601865
ZIC4	Q8N9L1	608948
ZIC1	Q15915	600470
CLRN1-AS1	anon	x
CLRN1	P58418	606397
MED12L	Q86YW9	611318
P2RY12	Q9H244	600515
AADACL2	Q6P093	x
AADACL2-AS1	anon	x
AADAC	P22760	600338
DHX36	Q9H2U1	612767
GMPS	P49915	600358
MLF1	P58340	601402
GFM1	Q96RP9	606639
LXN	Q9BS40	609305
IFT80	Q9P2H3	611177
B3GALNT1	O75752	603094
SI	P14410	609845
SLC2A2	P11168	138160
GHSR	Q92847	601898
TNFSF10	P50591	603598
TBL1XR1	Q9BZK7	608628
TBL1XR1-AS1	anon	x
GNB4	Q9HAV0	610863
MCCC1	Q96RQ3	609010
MCCC1-AS1	anon	x
MCF2L2	Q86YR7	x
KLHL6	Q8WZ60	614214
PARL	Q9H300	607858
ABCC5	O15440	605251
HTR3C	Q8WXA8	610121
HTR3E-AS1	anon	x
HTR3E	A5X5Y0	610123
EIF4G1	Q04637	600495
CLCN2	P51788	600570
AHSG	P02765	138680
HRG	P04196	142640
KNG1	P01042	612358
MASP1	P48740	600521
BCL6	P41182	109565
LPP	Q93052	600700
TP63	Q9H3D4	603273
P3H2	Q8IVL5	610341
CLDN1	O95832	603718
CLDN16	Q9Y5I7	603959
CCDC50	Q8IVM0	611051
ATP13A4	Q4VNC1	609556
OPA1	O60313	605290
OPA1-AS1	anon	x
MUC4	Q99102	158372
TFRC	P02786	190010
SLC51A	Q86UW1	612084
PCYT1A	P49585	123695
TM4SF19-TCTEX1D2	anon	x
TM4SF19-AS1	anon	x
TM4SF19	Q96DZ7	x
RNF168	Q8IYW5	612688
MELTF	P08582	155750
DLG1	Q12959	601014
CIDEC	Q96AQ7	612120
PPARG	P37231	601487
TMEM43	Q9BTV4	612048
BTD	P43251	609019
PLCD1	P51178	602142
ACAA1	P09110	604054
KLHL40	Q2TBA0	615340
POMGNT2	Q8NAT1	614828
TMIE	Q8NEW7	607237
SETD2	Q9BYW2	612778
ATRIP	Q8WXE1	606605
TREX1	Q9NSU2	606609
BAP1	Q92560	603089
WNT5A	P41221	164975
ARF4	P18085	601177
SLC25A26	Q70HW3	611037
ZNF80	P51504	194553
GAP43	P17677	162060
DIRC2	Q96SL1	x
CHST13	Q8NET6	610124
C3orf22	Q8N5N4	x
HPS3	Q969F9	606118
CP	P00450	117700
WWTR1	Q9GZV5	607392
WWTR1-AS1	anon	x
MME	P08473	120520
RSRC1	Q96IZ7	613352
PIK3CA	P42336	171834
KCNMB3	Q9NPA1	605222
LIPH	Q8WWY8	607365
SST	P61278	182450
UTS2B	Q765I0	618134
RUBCN	Q92622	613516
GAK	O14976	602052
RNF212	Q495C1	612041
SLBP	Q14493	602422
FGFR3	P22607	134934
SH3BP2	P78314	602104
ADD1	P35611	102680
GRK4	P32298	137026
HTT	P42858	613004
DOK7	Q18PE1	610285
LRPAP1	P30533	104225
MSX1	P28360	142983
EVC2	Q86UK5	607261
EVC	P57679	604831
CRMP1	Q14194	602462
WFS1	O76024	606201
PPP2R2C	Q9Y2T4	605997
GPR78	Q96P69	606921
CPZ	Q66K79	603105
SLC2A9	Q9NRM0	606142
WDR1	O75083	604734
CLNK	Q7Z7G1	611434
CC2D2A	Q9P2K1	612013
BST1	Q10588	600387
FGFBP1	Q14512	607737
PROM1	O43490	604365
QDPR	P09417	612676
PACRGL	Q8N7B6	x
KCNIP4	Q6PIL6	608182
ADGRA3	Q8IWK6	612303
GBA3	Q9H227	606619
PPARGC1A	Q9UBK2	604517
SOD3	P08294	185490
SLC34A2	O95436	604217
RBPJ	Q06330	147183
CCKAR	P32238	118444
STIM2	Q9P246	610841
DTHD1	Q6ZMT9	616979
TBC1D1	Q86TI0	609850
TLR10	Q9BXR5	606270
TLR1	Q15399	601194
TLR6	Q9Y2C9	605403
WDR19	Q8NEZ3	608151
KLB	Q86Z14	611135
LIAS	O43766	607031
N4BP2	Q86UW6	x
CHRNA9	Q9UGM1	605116
NSUN7	Q8NE18	617185
PHOX2B	Q99453	603851
GRXCR1	A8MXD5	613283
GABRG1	Q8N1C3	137166
GABRA2	P47869	137140
GABRA4	P48169	137141
GABRB1	P18505	137190
ATP10D	Q9P241	x
CORIN	Q9Y5Q5	605236
NIPAL1	Q6NVV3	x
CNGA1	P29973	123825
USP46	P62068	612849
FIP1L1	Q6UN15	607686
PDGFRA	P16234	173490
KDR	P35968	191306
NMU	P48645	605103
CEP135	Q66GS9	611423
PPAT	Q06203	172450
SRP72	O76094	602122
EPHA5	P54756	600004
UBA6-AS1	anon	x
TMPRSS11A	Q6ZMR5	611704
UGT2B17	O75795	601903
UGT2B15	P54855	600069
UGT2B4	P06133	600067
UGT2A1	Q9Y4X1	604716
SULT1B1	O43704	608436
HTN3	P15516	142702
DCK	P27707	125450
SLC4A4	Q9Y6R1	603345
GC	P02774	139200
NPFFR2	Q9Y5X5	607449
ALB	P02768	103600
AFP	P02771	104150
CXCL5	P42830	600324
BTC	P35070	600345
ART3	Q13508	603086
CXCL10	P02778	147310
CXCL11	O14625	604852
SHROOM3	Q8TF72	604570
MRPL1	Q9BYD6	611821
FRAS1	Q86XX4	607830
BMP2K	Q9NSY1	617648
ANTXR2	P58335	608041
HNRNPDL	O14979	607137
COQ2	Q96H96	609825
HELQ	Q8TDG4	606769
ABRAXAS1	Q6UWZ7	611143
CDS1	Q92903	603548
ARHGAP24	Q8N264	610586
MAPK10	P53779	602897
PTPN13	Q12923	600267
AFF1	P51825	159557
HSD17B11	Q8NBQ5	612831
DSPP	Q9NZW4	125485
DMP1	Q13316	600980
IBSP	P21815	147563
SPP1	P10451	166490
PKD2	Q13563	173910
ABCG2	Q9UNQ0	603756
GRID2	O43424	602368
PDLIM5	Q96HC4	605904
BMPR1B	O00238	603248
UNC5C	O95185	603610
EIF4E	P06730	133440
ADH4	P08319	103740
ADH6	P28332	103735
ADH1A	P07327	103700
ADH1B	P00325	103720
ADH1C	P00326	103730
MTTP	P55157	157147
BANK1	Q8NDB2	610292
NFKB1	P19838	164011
MANBA	O00462	609489
TET2	Q6N021	612839
CYP2U1	Q7Z449	610670
HADH	Q16836	601609
LEF1	Q9UJU2	153245
COL25A1	Q9BXS0	610004
CFI	P05156	217030
GAR1	Q9NY12	606468
RRH	O14718	605224
LRIT3	Q3SXY7	615004
EGF	P01133	131530
ANK2	Q01484	106410
UGT8	Q16880	601291
PRSS12	P56730	606709
MYOZ2	Q9NPC6	605602
FABP2	P12104	134640
MAD2L1	Q13257	601467
PRDM5	Q9NQX1	614161
ANXA5	P08758	131230
CCNA2	P20248	123835
BBS7	Q8IWZ6	607590
IL21	Q9HBE4	605384
BBS12	Q6ZW61	610683
NUDT6	P53370	606261
FAT4	Q6V0I7	612411
SLC25A31	Q9H0C2	610796
NDUFC1	O43677	603844
FREM3	P0C091	608946
GYPA	P02724	617922
EDNRA	P25101	131243
TMEM184C	Q9NVA4	613937
PRMT9	Q6P2P2	616125
NR3C2	P08235	600983
LRBA	P50851	606453
TRIM2	Q9C040	614141
TLR2	O60603	603028
DCHS2	Q6V1P9	612486
FGA	P02671	134820
NPY2R	P49146	162642
TDO2	P48775	191070
GLRB	P48167	138492
ETFDH	Q16134	231675
NPY1R	P25929	162641
CPE	P16870	114855
TLL1	O43897	606742
PALLD	Q8WX93	608092
CBR4	Q8N4T8	x
NEK1	Q96PY6	604588
HAND2	P61296	602407
HAND2-AS1	anon	617240
HPGD	P15428	601688
AGA	P20933	613228
TENM3	Q9P273	610083
TRAPPC11	Q7Z392	614138
IRF2	P14316	147576
CASP3	P42574	600636
PDLIM3	Q53GG5	605889
CYP4V2	Q6ZWL3	608614
KLKB1	P03952	229000
PDE6B	P35913	180072
SLC26A1	Q9H2B4	610130
IDUA	P35475	252800
FGFRL1	Q8N441	605830
UVSSA	Q2YD98	614632
LETM1	O95202	604407
NELFA	Q9H3P2	606026
HMX1	Q9NP08	142992
NKX3-2	P78367	602183
KIT	P10721	164920
TMEM165	Q9HC07	614726
CLOCK	O15516	601851
GNRHR	P30968	138850
ODAPH	Q17RF5	614829
SMARCAD1	Q9H4L7	612761
ADH7	P40394	600086
TRPC3	Q13507	602345
IL2	P60568	147680
MGST2	Q99735	601733
MMAA	Q8IVH4	607481
FGB	P02675	134830
DDX60L	Q5H9U9	616725
F11	P03951	264900
AHRR	A9YTQ3	606517
SLC6A19	Q695T7	608893
SLC6A18	Q96N87	610300
SLC6A3	Q01959	126455
IRX4	P78413	606199
ADAMTS16	Q8TE57	607510
LINC01018	anon	616385
NSUN2	Q08J23	610916
TENT4A	Q5XG87	605198
MTRR	Q9UBK8	602568
CCT5	P48643	610150
CTNND2	Q9UQB3	604275
DNAH5	Q8TE73	603335
TRIO	O75962	601893
RETREG1	Q9H6L5	613114
PRDM9	Q9NQV7	609760
DROSHA	Q9NRR4	608828
SLC45A2	Q9UMX9	606202
AMACR	Q9UHK6	604489
C1QTNF3-AMACR	anon	x
AGXT2	Q9BYV1	612471
SPEF2	Q9C093	610172
IL7R	P16871	146661
SLC1A3	P43003	600111
NIPBL	Q6KC79	608667
CPLANE1	Q9H799	614571
NUP155	O75694	606694
LIFR	P42702	151443
C9	P02748	120940
DAB2	P98082	601236
C7	P10643	217070
C6	P13671	217050
OXCT1	P55809	601424
GHR	P10912	600946
FGF10	O15520	602115
ITGA2	P17301	192974
NDUFS4	O43181	602694
HSPB3	Q12988	604624
MAP3K1	Q13233	600982
PDE4D	Q08499	600129
NDUFAF2	Q8N183	609653
MAST4	O15021	618002
PIK3R1	P27986	171833
SLC30A5	Q8TAD4	607819
CDK7	P50613	601955
MARVELD2	Q8N4S9	610572
BDP1	A6H8Y1	607012
MCCC2	Q9HCC0	609014
MRPS27	Q92552	611989
TNPO1	Q92973	602901
ARHGEF28	Q8N1W1	612790
HEXB	P07686	606873
HMGCR	P04035	142910
COL4A3BP	Q9Y5P4	604677
IQGAP2	Q13576	605401
F2RL1	P55085	600933
AGGF1	Q8N302	608464
PDE8B	O95263	603390
AP3B1	O00203	603401
DMGDH	Q9UI17	605849
HOMER1	Q86YM7	604798
THBS4	P35443	600715
DHFR	P00374	126060
MSH3	P20585	600887
VCAN	P13611	118661
VCAN-AS1	anon	x
RASA1	P20936	139150
CCNH	P51946	601953
MEF2C-AS2	anon	x
MEF2C	Q06413	600662
ADGRV1	Q8WXG9	602851
LUCAT1	anon	618190
PCSK1	P29120	162150
CAST	P20810	114090
ERAP1	Q9NZ08	606832
ERAP2	Q6P179	609497
SLCO4C1	Q6ZQN7	609013
SLCO6A1	Q86UG4	613365
CAMK4	Q16566	114080
APC	P25054	611731
DMXL1	Q9Y485	605671
HSD17B4	P51659	601860
CEP120	Q8N960	613446
ALDH7A1	P49419	107323
LMNB1	P20700	150340
MEGF10	Q96KG7	612453
FBN2	P35556	612570
FNIP1	Q8TF40	610594
SLC22A4	Q9H015	604190
MIR3936HG	anon	x
SLC22A5	O76082	603377
RAD50	Q92878	604040
TH2LCRR	anon	x
IL13	P35225	147683
IL4	P05112	147780
TCF7	P36402	189908
TGFBI	Q15582	601692
KLHL3	Q9UH77	605775
HNRNPA0	Q13151	609409
MYOT	Q9UBF9	604103
SIL1	Q9H173	608005
SNHG4	anon	x
MATR3	P43243	164015
SLC23A1	Q9UHI7	603790
TMEM173	Q86WV6	612374
SRA1	Q9HD15	603819
APBB3	O95704	602711
NDUFA2	O43678	602137
IK	Q13123	600549
HARS2	P49590	600783
PCDHA1	Q9Y5I3	606307
PCDHA2	Q9Y5H9	606308
PCDHA3	Q9Y5H8	606309
PCDHA4	Q9UN74	606310
PCDHA5	Q9Y5H7	606311
PCDHA6	Q9UN73	606312
PCDHA7	Q9UN72	606313
PCDHA8	Q9Y5H6	606314
PCDHA9	Q9Y5H5	606315
PCDHA10	Q9Y5I2	606316
TAF7	Q15545	600573
SLC25A2	Q9BXI2	608157
DIAPH1	O60610	602121
ARHGAP26	Q9UNA1	605370
NR3C1	P04150	138040
LARS	Q9P2J5	151350
PPP2R2B	Q00005	604325
STK32A	Q8WU08	x
SPINK5	Q9NQ38	605010
FBXO38	Q6PIJ6	608533
ADRB2	P07550	109690
SH3TC2	Q8TF17	608206
SLC26A2	P50443	606718
CSF1R	P07333	164770
PDGFRB	P09619	173410
TCOF1	Q13428	606847
RPS14	P62263	130620
NDST1	P52848	600853
GPX3	P22352	138321
GM2A	P17900	613109
SLC36A2	Q495M3	608331
GLRA1	P23415	138491
GRIA1	P42261	138248
MRPL22	Q9NWU5	611835
SGCD	Q92629	601411
HAVCR1	Q96D42	606518
ITK	Q08881	186973
ADAM19	Q9H013	603640
NIPAL4	Q0D2K0	609383
FABP6	P51161	600422
MIR3142HG	anon	x
MIR146A	anon	610566
GABRA6	Q16445	137143
GABRA1	P14867	137160
GABRG2	P18507	137164
WWC1	Q8IX03	610533
RARS	P54136	107820
SLIT3	O75094	603745
FOXI1	Q12951	601093
KCNIP1	Q9NZI2	604660
KCNMB1	Q16558	603951
NPM1	P06748	164040
STK10	O94804	603919
SH3PXD2B	A1X283	613293
MSX2	P35548	123101
DRD1	P21728	126449
SNCB	Q16143	602569
MIR4281	anon	x
TSPAN17	Q96FV3	x
UIMC1	Q96RL1	609433
FGFR4	P22455	134935
NSD1	Q96L73	606681
F12	P00748	610619
GRK6	P43250	600869
B4GALT7	Q9UBV7	604327
PROP1	O75360	601538
GRM6	O15303	604096
ADAMTS2	O95450	604539
HNRNPH1	P31943	601035
SQSTM1	Q13501	601530
GFPT2	O94808	603865
MGAT1	P26572	160995
SDHA	P31040	600857
ANKH	Q9HCJ1	605145
CDH12	P55289	600562
OSMR	Q99650	601743
NNT	Q13423	607878
IL31RA	Q8NI17	609510
KIF2A	O00139	602591
DIMT1	Q9UNQ2	612499
BHMT	Q93088	602888
TTC37	Q6PGP7	614589
SLC25A46	Q96AG3	610826
WDR36	Q8NI36	609669
SNCAIP	Q9Y6H5	603779
IL9	P15248	146931
REEP2	Q9BRK0	609347
HSPA9	P38646	600548
PCDHA11	Q9Y5I1	606317
PCDHA12	Q9UN75	606318
PCDHA13	Q9Y5I0	606319
SCGB3A2	Q96PL1	606531
HAND1	O96004	602406
GABRB2	P47870	600232
NKX2-5	P52952	600584
SLC34A1	Q06495	182309
RMND5B	Q96G75	x
NHP2	Q9NX24	606470
PHYKPL	Q8IUZ5	614683
FLT4	P35916	136352
EXOC2	Q96KP1	615329
HUS1B	Q8NHY5	609713
SERPINB6	P35237	173321
NQO2	P16083	160998
LYRM4	Q9HD34	613311
F13A1	P00488	134570
DSP	P15924	125647
GCNT2	Q8N0V5	600429
TMEM14B	Q9NUH8	x
MAK	P20794	154235
GCM2	O75603	603716
NEDD9	Q14511	602265
EDN1	P05305	131240
DTNBP1	Q96EV8	607145
MYLIP	Q8WY64	610082
ATXN1	P54253	601556
FAM8A1	Q9UBU6	x
TPMT	P51580	187680
DCDC2	Q9UHG0	605755
ALDH5A1	P51649	610045
KIAA0319	Q5VV43	609269
SLC17A1	Q14916	182308
SLC17A3	O00476	611034
HIST1H4B	P62805	602829
HFE	Q30201	613609
BTN2A1	Q7KYR7	613590
BTN1A1	Q13410	601610
PGBD1	Q96JS3	x
GPX6	P59796	607913
MOG	Q16653	159465
HLA-G	P17693	142871
HLA-A	P01891	142800
DDR1	Q08345	600408
VARS2	Q5ST30	612802
C6orf15	Q6UXA7	611401
PSORS1C1	Q9UIG5	613525
CDSN	Q15517	602593
CCHCR1	Q8TD31	605310
TCF19	Q9Y242	600912
POU5F1	Q01860	164177
HLA-C	P04222	142840
HLA-B	P01889	142830
MIR6891	anon	x
MICA	Q29983	600169
HCP5	Q6MZN7	604676
MICB	Q29980	602436
DDX39B	Q13838	142560
ATP6V1G2-DDX39B	anon	x
NFKBIL1	Q9UBC1	601022
LTA	P01374	153440
PRRC2A	P48634	142580
BAG6	P46379	142590
GPANK1	O95872	142610
MSH5	O43196	603382
MSH5-SAPCD1	anon	x
HSPA1B	P0DMV9	603012
EHMT2-AS1	anon	x
EHMT2	Q96KQ7	604599
CFB	P00751	138470
SKIV2L	Q15477	600478
DXO	O77932	605996
AGER	Q15109	600214
NOTCH4	Q99466	164951
HLA-DRA	P01903	142860
HLA-DRB5	Q30154	604776
HLA-DRB1	P01911	142857
HLA-DQA1	P01909	146880
HLA-DQB1	P01920	604305
HLA-DQB1-AS1	anon	x
TAP2	Q03519	170261
HLA-DMB	P28068	142856
HLA-DPA1	P20036	142880
HLA-DPB1	P04440	142858
HLA-DPB2	anon	x
COL11A2	P13942	120290
TAPBP	O15533	601962
SYNGAP1	Q96PV0	603384
SYNGAP1-AS1	anon	x
ITPR3	Q14573	147267
HMGA1	P17096	600701
UHRF1BP1	Q6BDS2	x
ANKS1A	Q92625	608994
PPARD	Q03181	600409
FANCE	Q9HB96	613976
TULP1	O00294	602280
CLPS	P04118	120105
LHFPL5	Q8TAF8	609427
PNPLA1	Q8N8W4	612121
GLO1	Q04760	138750
DNAH8	Q96JB1	603337
GLP1R	P43220	138032
GUCA1B	Q9UMX6	602275
MRPS10	P82664	611976
TRERF1	Q96PN7	610322
PRPH2	P23942	179605
GNMT	Q14749	606628
PEX6	Q13608	601498
SLC22A7	Q9Y694	604995
CRIP3	Q6Q6R5	x
ABCC10	Q5T3U5	612509
TMEM151B	Q8IW70	x
TCTE1	Q5JU00	186975
AARS2	Q5JTZ9	612035
SLC25A27	O95847	613725
PLA2G7	Q13093	601690
CD2AP	Q9Y5K6	604241
MUT	P22033	x
PKHD1	P08F94	606702
EFHC1	Q5JVL4	608815
GSTA5	Q7RTV2	607605
GSTA4	O15217	605450
ICK	Q9UPZ9	612325
GCLC	P48506	606857
TINAG	Q9UJW2	606749
HCRTR2	O43614	602393
BMP5	P22003	112265
DST	Q03001	113810
PHF3	Q92576	607789
EYS	Q5T1H1	612424
LMBRD1	Q9NUN5	612625
COL9A1	P20849	120210
RIMS1	Q86UR5	606629
KHDC3L	Q587J8	611687
MTO1	Q9Y2Z2	614667
CD109	Q6YHK3	608859
COL12A1	Q99715	120320
COX7A2	P14406	123996
MYO6	Q9UM54	600970
IMPG1	Q17R60	602870
HTR1B	P28222	182131
PHIP	Q8WWQ0	612870
LCA5	Q86VQ0	611408
TPBG	Q13641	190920
SYNCRIP	O60506	616686
GABRR1	P24046	137161
GABRR2	P28476	137162
MDN1	Q9NU22	618200
EPHA7	Q15375	602190
SIM1	P81133	603128
ASCC3	Q8N3C0	614217
GRIK2	Q13002	138244
HACE1	Q8IYU2	610876
PDSS2	Q86YH6	610564
SEC63	Q9UGP8	608648
FIG4	Q92562	609390
SLC22A16	Q86VW1	608276
CDK19	Q9BWU1	614720
REV3L	O60673	602776
TRAF3IP2-AS1	anon	x
TRAF3IP2	O43734	607043
WISP3	O95389	x
LAMA4	Q16363	600133
FRK	P42685	606573
NT5DC1	Q5TFE4	x
COL10A1	Q03692	120110
DSE	Q9UL01	605942
TSPYL1	Q9H0U9	604714
RSPH4A	Q5TD94	612647
RFX6	Q8HWS3	612659
ROS1	P08922	165020
CEP85L	Q5SZL2	x
TRDN	Q13061	603283
NKAIN2	Q5VXU1	609758
RNF217-AS1	anon	602532
PTPRK	Q15262	602545
LAMA2	P24043	156225
ENPP1	P22413	173335
CTGF	P29279	x
TAAR9	Q96RI9	608282
VNN1	O95497	603570
RPS12	P25398	603660
EYA4	O95677	603550
TARID	anon	616058
SGK1	O00141	602958
HBS1L	Q9Y450	612450
PEX7	O00628	601757
IL20RA	Q9UHF4	605620
IFNGR1	P15260	107470
TNFAIP3	P21580	191163
HIVEP2	P31629	143054
PEX3	P56589	603164
VDAC1P8	anon	x
FUCA2	Q9BTY2	136820
PLAGL1	Q9UM63	603044
HYMAI	anon	606546
UTRN	P46939	128240
GRM1	Q13255	604473
STXBP5	Q5T5C0	604586
TAB2	Q9NYJ8	605101
RAET1L	Q5VY80	611047
IYD	Q6PHW0	612025
MTHFD1L	Q6UB35	611427
RMND1	Q9NWS8	614917
CCDC170	Q8IYT3	x
ESR1	P03372	133430
SYNE1	Q8NF91	608441
VIP	P01282	192320
OPRM1	P35372	600018
TFB1M	Q8WVM0	607033
ARID1B	Q8NFD5	614556
SERAC1	Q96JX3	614725
SYTL3	Q4VX76	x
SOD2	P04179	147460
ACAT2	Q9BWD1	100678
TCP1	P17987	186980
MRPL18	Q9H0U6	611831
IGF2R	P11717	147280
SLC22A2	O15244	602608
SLC22A3	O75751	604842
LPA	P08519	152200
PLG	P00747	173350
PRKN	O60260	602544
QKI	Q96PU8	609590
PDE10A	Q9Y233	610652
TBXT	O15178	601397
RNASET2	O00584	612944
CCR6	P51684	601835
UNC93A	Q86WB7	607995
SMOC2	Q9H3U7	607223
DLL1	O00548	606582
TBP	P20226	600075
PHACTR1	Q9C0D0	608723
NHLRC1	Q6VVB1	608072
GABBR1	Q9UBS5	603540
ZFP57	Q9NU63	612192
HCG4P5	anon	x
NCR3	O14931	611550
AIF1	P55008	601833
STK19	P49842	604977
CYP21A2	P08686	613815
TNXB	P22105	600985
GPSM3	Q9Y4H4	x
HCG23	anon	x
BTNL2	Q9UIR0	606000
PSMB8	P28062	177046
PSMB9	P28065	177045
TAP1	Q03518	170260
UQCC2	Q9BRT2	614461
CDKN1A	P38936	116899
BTBD9	Q96Q07	611237
KIF6	Q6ZMV9	613919
MOCS1	Q9NZB8	603707
PGC	P20142	169740
CNPY3	Q9BT09	610774
POLH	Q9Y253	603968
GTPBP2	Q9BX10	607434
MRPL14	Q6P1L8	611827
CYP39A1	Q9NYL5	605994
RHAG	Q02094	180297
CRISP2	P16562	187430
TFAP2B	Q92481	601601
IL17F	Q96PD4	606496
NT5E	P21589	129190
SLC35A1	P78382	605634
RARS2	Q5T160	611524
FBXL4	Q9UKA2	605654
SOBP	A7XYQ1	613667
FABP7	O15540	602965
MED23	Q9ULK4	605042
AHI1	Q8N157	608894
EPM2A	B3EWF7	607566
THBS2	P35442	188061
DNAAF5	Q86Y56	614864
CYP2W1	Q8TAV3	615967
MAD1L1	Q9Y6D9	602686
CARD11	Q9BXL7	607210
SLC29A4	Q7RTT9	609149
RNF216	Q9NWF9	609948
PMS2	P54278	600259
C1GALT1	Q9NS00	610555
GLCCI1	Q86VQ1	614283
THSD7A	Q9UPZ6	612249
ISPD	A4D126	x
ISPD-AS1	anon	x
HDAC9	Q9UKV0	606543
ABCB5	Q2M3G0	611785
DNAH11	Q96DT5	603339
FAM126A	Q9BYI3	610531
KLHL7-DT	anon	x
KLHL7	Q8IXQ5	611119
NPY	P01303	162640
MPP6	Q9NZW5	606959
GSDME	O60443	608798
HOXA1	P49639	142955
HOTAIRM1	anon	x
TRIL	Q7L0X0	613356
GARS	P41250	600287
INMT	O95050	604854
INMT-MINDY4	anon	x
NT5C3A	Q9H0P0	606224
RP9	Q8TA86	607331
BMPER	Q8N8U9	608699
NPSR1-AS1	anon	608596
NPSR1	Q6W5P4	608595
TBX20	Q9UMR3	606061
AOAH	P28039	102593
EPDR1	Q9UM22	x
NME8	Q8N427	607421
POU6F2	P78424	609062
SUGCT	Q9HAC7	609187
GLI3	P10071	165240
BLVRA	P53004	109750
URGCP-MRPS24	anon	x
MRPS24	Q96EL2	611986
GCK	P35557	138079
NPC1L1	Q9UHC9	608010
MYO1G	B0I1T2	600642
CCM2	Q9BSQ5	607929
IGFBP1	P08833	146730
IGFBP3	P17936	146732
TNS3	Q68CZ2	606825
PKD1L1	Q8TDX9	609721
C7orf69	Q9H7B7	x
ABCA13	Q86UQ4	607807
IKZF1	Q13422	603023
FIGNL1	Q6PIW4	615383
DDC	P20711	107930
GRB10	Q13322	601523
EGFR	P00533	131550
EGFR-AS1	anon	x
PHKG1	Q16816	172470
ASL	P04424	608310
AUTS2	Q8WXX7	607270
MLXIPL	Q9NP71	605678
STX1A	Q16623	186590
ELN	P15502	130160
HIP1	O00291	601767
CCL26	Q9Y258	604697
RHBDD2	Q6NTF9	615203
MAGI2	Q86UL8	606382
CD36	P16671	173510
HGF	P14210	142409
SEMA3E	O15041	608166
SEMA3A	Q14563	603961
DMTF1	Q9Y222	608491
ABCB4	P21439	171060
ABCB1	P08183	171050
SRI	P30626	182520
STEAP4	Q687X5	611098
AKAP9	Q99996	604001
CYP51A1	Q16850	601637
PEX1	O43933	602136
CALCR	P30988	114131
COL1A2	P08123	120160
PON1	P27169	168820
PON3	Q15166	602720
PON2	Q15165	602447
PDK4	Q16654	602527
SLC25A13	Q9UJS0	603859
SEM1	P60896	601285
ASNS	P08243	108370
TRRAP	Q9Y4A5	603015
CYP3A7	P24462	605340
CYP3A7-CYP3A51P	anon	x
CYP3A4	P08684	124010
MCM7	P33993	600592
AP4M1	O00189	602296
ZAN	Q9Y493	602372
ACHE	P22303	100740
SERPINE1	P05121	173360
AP1S1	P61966	603531
SLC26A5	P58743	604943
RELN	P78509	600514
KMT2E	Q8IZD2	608444
SRPK2	P78362	602980
PIK3CG	P48736	601232
COG5	Q9UP83	606821
SLC26A3	P40879	126650
DLD	P09622	238331
LAMB1	P07942	150240
DOCK4	Q8N1I0	607679
IFRD1	O00458	603502
PPP1R3A	Q16821	600917
FOXP2	O15409	605317
MET	P08581	164860
CTTNBP2	Q8WZ74	609772
TSPAN12	O95859	613138
PTPRZ1	P23471	176891
AASS	Q9UDR5	605113
SLC13A1	Q9BZW2	606193
GRM8	O00222	601116
PAX4	O43316	167413
RBM28	Q9NW13	612074
OPN1SW	P03999	613522
FLNC	Q14315	102565
IRF5	Q13568	607218
TNPO3	Q9Y5L0	610032
SMO	Q99835	601500
CPA4	Q9UI42	607635
CEP41	Q9BYV8	610523
MEST	Q5EB52	601029
EXOC4	Q96A65	608185
AKR1B1	P15121	103880
CNOT4	O95628	604911
AKR1D1	P51857	604741
ATP6V0A4	Q9HBG4	605239
KIAA1549	Q9HCM3	613344
ZC3HAV1	Q7Z2W4	607312
TBXAS1	P24557	274180
SSBP1	Q04837	600439
TAS2R3	Q9NYW6	604868
MGAM	O43451	154360
TAS2R38	P59533	607751
EPHB6	O15197	602757
KEL	P23276	613883
CLCN1	P35523	118425
TPK1	Q9H3S4	606370
CNTNAP2	Q9UHC6	604569
EZH2	Q15910	601573
GIMAP8	Q8ND71	616962
AOC1	P19801	104610
KCNH2	Q12809	152427
NOS3	P29474	163729
ATG9B	Q674R7	612205
ABCB8	Q9NUT2	605464
ASIC3	Q9UHC3	611741
ASB10	Q8WXI3	615054
PRKAG2	Q9UGJ0	602743
GALNTL5	Q7Z4T8	615133
KMT2C	Q8NEZ4	606833
DPP6	P42658	126141
HTR5A-AS1	anon	x
HTR5A	P47898	601305
INSIG1	O15503	602055
UBE3C	Q15386	614454
WDR60	Q8WVS4	615462
VIPR2	P41587	601970
FAM20C	Q8IXL6	611061
NUDT1	P36639	600312
LFNG	Q8NES3	602576
AP5Z1	O43299	613653
ACTB	P60709	102630
RAC1	P63000	602048
ETV1	P50549	600541
AGMO	Q6ZNB7	613738
AHR	P35869	600253
SP8	Q8IXZ3	608306
NOD1	Q9Y239	605980
RAMP3	O60896	605155
ZPBP	Q9BS86	608498
PSPH	P78330	172480
BUD23	O43709	615733
POR	P16435	124015
CACNA2D1	P54289	114204
GRM3	Q14832	601115
CYP3A43	Q9HB55	606534
CFTR	P13569	602421
TAS2R16	Q9NYV7	604867
UBN2	Q6ZU65	613841
TRPV5	Q9NQA5	606679
NOBOX	O60393	610934
XRCC2	O43543	600375
EN2	P19622	131310
DNAJB6	O75190	611332
DLGAP2	Q9P1A6	605438
CSMD1	Q96PZ7	608397
MCPH1	Q8NEM0	607117
MCPH1-AS1	anon	x
DEFB1	P60022	602056
PRAG1	Q86YV5	617344
TNKS	O95271	603303
RP1L1	Q8IWN7	608581
SOX7	Q9BT81	612202
BLK	P51451	191305
NEIL2	Q969S2	608933
FDFT1	P37268	184420
CTSB	P07858	116810
DLC1	Q96QB1	604258
TUSC3	Q13454	601385
MSR1	P21757	153622
VPS37A	Q8NEZ2	609927
SLC7A2	P52569	601872
MTUS1	Q9ULD2	609589
PCM1	Q15154	600299
ASAH1	Q13510	613468
NAT1	P18440	108345
NAT2	P11245	612182
CSGALNACT1	Q8TDX6	616615
LPL	P06858	609708
SLC18A1	P54219	193002
LZTS1	Q9Y250	606551
FGF17	O60258	603725
HR	O43593	602302
BMP1	P13497	112264
POLR3D	P05423	187280
TNFRSF10B	O14763	603612
TNFRSF10A	O00220	603611
LOXL2	Q9Y4K0	606663
SLC25A37	Q9NYZ2	610387
NEFM	P07197	162250
GNRH1	P01148	152760
DPYSL2	Q16555	602463
ADRA1A	P35348	104221
PTK2B	Q14289	601212
CHRNA2	Q15822	118502
EPHX2	P34913	132811
ESCO2	Q56NI9	609353
FZD3	Q9NPG1	606143
EXTL3	O43909	605744
GSR	P00390	138300
WRN	Q14191	604611
TTI2	Q6NXR4	614426
STAR	P49675	600617
DDHD2	O94830	615003
NSD3	Q9BZ95	607083
ADAM9	Q13443	602713
IDO1	P14902	147435
ANK1	P16157	612641
PLAT	P00750	173370
IKBKB	O14920	603258
HGSNAT	Q68CP4	610453
PRKDC	P78527	600899
MCM4	P33991	602638
RB1CC1	Q8TDY2	606837
RP1	P56715	603937
PENK	P01210	131330
CYP7A1	P22680	118455
CA8	P35219	114815
RAB2A	P61019	179509
CHD7	Q9P2D1	608892
GGH	Q92820	601509
TTPA	P49638	600415
CYP7B1	O75881	603711
ADHFE1	Q8IWW8	611083
PREX2	Q70Z35	612139
SULF1	Q8IWU6	610012
MSC-AS1	anon	x
TRPA1	O75762	604775
TMEM70	Q9BUB7	612418
LY96	Q9Y6Y9	605243
GDAP1	Q8TB36	606598
ZFHX4	Q86UP3	606940
PEX2	P28328	170993
HEY1	Q9Y5J3	602953
CA1	P00915	114800
CNGB3	Q9NQW8	605080
NBN	O60934	602667
DECR1	Q16698	222745
TMEM67	Q5HYA8	609884
NDUFAF6	Q330K2	612392
C8orf37-AS1	anon	x
C8orf37	Q96NL8	614477
GDF6	Q6KF10	601147
UQCRB	P14927	191330
PTDSS1	P48651	612792
POP1	Q99575	602486
SPAG1	Q07617	603395
SNX31	Q8N9S9	x
GRHL2	Q6ISB3	608576
RRM2B	Q7LG56	604712
KLF10	Q13118	601878
FZD6	O60353	603409
CTHRC1	Q96CG8	610635
SLC25A32	Q9H2D1	610815
DCAF13	Q9NV06	616196
DPYS	Q14117	613326
ZFPM2	Q8WW38	603693
ZFPM2-AS1	anon	x
CSMD3	Q7Z407	608399
TRPS1	Q9UHF7	604386
EIF3H	O15372	603912
EXT1	Q16394	608177
TNFRSF11B	O00300	602643
TAF2	Q6P1X5	604912
COL14A1	Q05707	120324
MRPL13	Q9BYD1	610200
FAM91A1	Q658Y4	x
RNF139	Q8WU17	603046
TATDN1	Q6P1N9	x
NDUFB9	Q9Y6M9	601445
WASHC5	Q12768	610657
WASHC5-AS1	anon	x
TRIB1	Q96RU8	609461
PVT1	anon	165140
KCNQ3	O43525	602232
LRRC6	Q86X45	614930
TG	P01266	188450
SLA	Q13239	601099
NDRG1	Q92597	605262
ZFAT	Q9P243	610931
ZFAT-AS1	anon	x
KCNK9	Q9NPC2	605874
TRAPPC9	Q96Q05	611966
AGO2	Q9UKV8	606229
ARC	Q7LC44	612461
JRK	O75564	603210
GML	Q99445	602370
CYP11B1	P15538	610613
CYP11B2	P19099	124080
GPIHBP1	Q8IV16	612757
FAM83H	Q6ZRV2	611927
SCRIB	Q14160	607733
PLEC	Q15149	601282
CYC1	P08574	123980
SLC39A4	Q6P5W5	607059
FOXH1	O75593	603621
RECQL4	O94761	603780
ARHGEF10	O15013	608136
FGF20	Q9NP95	605558
PDGFRL	Q15198	604584
NKX2-6	A6NCS4	611770
CLU	P10909	185430
NRG1	Q02297	142445
LYN	P07948	165120
PLAG1	Q6DJT9	603026
VPS13B	Q7Z7G8	607817
SLC30A8	Q8IWU4	611145
EFR3A	Q14156	611798
PSCA	O43653	602470
TOP1MT	Q969P6	606387
ZC3H3	Q8IXZ2	x
NAPRT	Q6XQN6	611552
PYCR3	Q53H96	616408
EPPK1	P58107	607553
OPLAH	O14841	614243
DGAT1	O75907	604900
MIR6848	anon	x
DOCK8	Q8NF50	611432
KANK1	Q14678	607704
DMRT1	Q9Y5R6	602424
SMARCA2	P51531	600014
VLDLR	P98155	192977
KCNV2	Q8TDN2	607604
PUM3	Q15397	609960
GLIS3	Q8NEA6	610192
SLC1A1	P43005	133550
SPATA6L	Q8N4H0	x
JAK2	O60674	147796
RIC1	Q4ADV7	610354
ERMP1	Q7Z2K6	611156
GLDC	P23378	238300
KDM4C	Q9H3R0	605469
PTPRD	P23468	601598
TYRP1	P17643	115501
LURAP1L-AS1	anon	x
MPDZ	O75970	603785
FREM1	Q5H8C1	608944
BNC2	Q6ZN30	608669
SLC24A2	Q9UI40	609838
MTAP	Q13126	156540
CDKN2A	P42771	600160
CDKN2B-AS1	anon	613149
TEK	Q02763	600221
DDX58	O95786	609631
TOPORS	Q9NS56	609507
SMIM27	A0A1B0GUW7	x
NDUFB6	O95139	603322
APTX	Q7Z2E3	606350
AQP3	Q92482	600170
SIGMAR1	Q99720	601978
IL11RA	Q14626	600939
VCP	P55072	601023
FANCG	O15287	602956
CD72	P21854	107272
RMRP	anon	157660
TPM2	P07951	190990
TLN1	Q9Y490	186745
NPR2	P20594	108961
SPAG8	Q99932	605731
PAX5	Q02548	167414
GRHPR	Q9UBQ7	604296
FBXO10	Q9UK96	609092
ALDH1B1	P30837	100670
PIP5K1B	O14986	602745
FXN	Q16595	606829
TJP2	Q9UDY2	607709
TRPM3	Q9HCF6	608961
CEMIP2	Q9UHN6	605835
GDA	Q9Y2T3	139260
TMC1	Q8TDI8	606706
ALDH1A1	P00352	100640
TRPM6	Q9BX84	607009
VPS13A	Q96RL7	605978
PSAT1	Q9Y617	610936
SLC28A3	Q9HAS3	608269
DAPK1	P53355	600831
AUH	Q13825	600529
ROR2	Q01974	602337
SPTLC1	O15269	605712
CENPP	Q6IPU0	611505
ASPN	Q9BXN1	608135
ECM2	O94769	603479
FGD3	Q5JSP0	617554
NINJ1	Q92982	602062
PHF2	O75151	604351
PCAT7	anon	x
FBP2	O00757	603027
FBP1	P09467	611570
FANCC	Q00597	613899
PTCH1	Q13635	601309
HSD17B3	P37058	605573
TDRD7	Q8NHU6	611258
XPA	P23025	611153
FOXE1	O00358	602617
ANKS6	Q68DC2	615370
STX17-AS1	anon	x
NR4A3	Q92570	600542
INVS	Q9Y283	243305
CAVIN4	Q5BKX8	617714
BAAT	Q14032	602938
GRIN3A	Q8TCU5	606650
NIPSNAP3A	Q9UFN0	608871
ABCA1	O95477	600046
FKTN	O75072	607440
RAD23B	P54727	600062
ELP1	O95163	603722
PALM2-AKAP2	anon	x
AKAP2	Q9Y2D5	604582
MUSK	O15146	601296
ALAD	P13716	125270
WHRN	Q9P202	607928
TNFSF15	O95150	604052
DEC1	Q9P2X7	604767
TNFSF8	P32971	603875
TNC	P24821	187380
PAPPA	Q13219	176385
ASTN2	O75129	612856
CDK5RAP2	Q96SN8	608201
C5	P01031	120900
GSN	P06396	137350
TTLL11	Q8NHH1	x
NDUFA8	P51970	603359
PTGS1	P23219	176805
NR5A1	Q13285	184757
HSPA5	P11021	138120
LRSAM1	Q6UWE0	610933
AK1	P00568	103000
DPM2	O94777	603564
PTGES2	Q9H7Z7	608152
CIZ1	Q9ULV3	611420
DNM1	Q05193	602377
COQ4	Q9Y3A0	612898
SLC27A4	Q6P1M0	604194
GLE1	Q53GS7	603371
SPTAN1	Q13813	182810
WDR34	Q96EX3	613363
PKN3	Q6P5Z2	610714
LRRC8A	Q8IWT6	608360
CRAT	P43155	600184
NCS1	P62166	603315
ASS1	P00966	603470
ABL1	P00519	189980
LAMC3	Q9Y6N6	604349
NUP214	P35658	114350
POMT1	Q9Y6A1	607423
RAPGEF1	Q13905	600303
NTNG2	Q96CW9	x
SETX	Q7Z333	608465
TTF1	Q15361	600777
GFI1B	Q5VTD9	604383
RALGDS	Q12967	601619
GBGT1	Q8N5D6	606074
ABO	P16442	110300
ADAMTS13	Q76LX8	604134
SLC2A6	Q9UGQ3	606813
ADAMTSL2	Q86TH1	612277
DBH	P09172	609312
SARDH	Q9UL12	604455
COL5A1	P20908	120215
FCN1	O00602	601252
SOHLH1	Q5JUK2	610224
LHX3	Q9UBR4	600577
RABL6	Q3YEC7	610615
MAN1B1	Q9UKM7	604346
GRIN1	Q05586	138249
NDOR1	Q9UHB4	606073
C9orf66	Q5T8R8	x
VLDLR-AS1	anon	x
GNA14	O95837	604397
RMI1	Q9H9A7	610404
BICD2	Q8TD16	609797
FAM120AOS	Q5T036	x
FAM120A	Q9NZB2	612265
TGFBR1	P36897	190181
TRIM32	Q13049	602290
TLR4	O00206	603030
TOR1A	O14656	605204
RXRA	P19793	180245
FCN2	Q15485	601624
KCNT1	Q5JUK3	608167
SNAPC4	Q5SXM2	602777
NOTCH1	P46531	190198
EGFL7	Q9UHF1	608582
MIR126	anon	611767
C8G	P07360	120930
PTGDS	P41222	176803
ABCA2	Q9BZC7	600047
C9orf139	Q6ZV77	x
FUT7	Q11130	602030
SLC34A3	Q8N130	609826
NSMF	Q6X4W1	608137
EHMT1	Q9H9B1	607001
ZMYND11	Q15326	608668
DIP2C	Q9Y2E4	611380
KLF6	Q99612	602053
AKR1C3	P42330	603966
AKR1C4	P17516	600451
TUBAL3	A6NHL2	x
NET1	Q7Z628	606450
FBH1	Q8NFZ0	607222
IL2RA	P01589	147730
ATP5F1C	P36542	108729
GATA3	P23771	131320
DHTKD1	Q96HY7	614984
OPTN	Q96CV9	602432
PHYH	O14832	602026
RPP38	P78345	606116
NMT2	O60551	603801
ITGA8	P53708	604063
CUBN	O60494	602997
VIM	P08670	193060
HACD1	B0YJ81	610467
CACNB2	Q08289	600003
NEBL	O76041	605491
PIP4K2A	P48426	603140
MYO3A	Q8NEV4	606808
GAD2	Q05329	138275
PDSS1	Q5T2R2	607429
ANKRD26	Q9UPS8	610855
MASTL	Q96GX5	608221
ACBD5	Q5T8D3	616618
PTCHD3	Q3KNS1	611791
RAB18	Q9NP72	602207
ARMC4	Q5T2S8	615408
MPP7	Q5T2T1	610973
JCAD	Q9P266	614398
MAP3K8	P41279	191195
ZEB1	P37275	189909
KIF5B	P33176	602809
ZNF33A	Q06730	194521
RET	P07949	164761
CXCL12	P48061	600835
ALOX5	P09917	152390
GPRIN2	O60269	611240
RBP3	P10745	180290
WDFY4	Q6ZS81	613316
ERCC6	Q03468	609413
CHAT	P28329	118490
MSMB	P08118	157145
NCOA4	Q13772	601984
ASAH2	Q9NR71	611202
PRKG1	Q13976	176894
PRKG1-AS1	anon	x
DKK1	O94907	605189
MBL2	P11226	154545
PCDH15	Q96QU1	605514
BICC1	Q9H694	614295
CCDC6	Q16204	601985
ZNF365	Q70YC4	607818
EGR2	P11161	129010
JMJD1C	Q15652	604503
MYPN	Q86TC9	608517
PBLD	P30039	612189
SLC25A16	P16260	139080
TET1	Q8NFU7	607790
HK1	P19367	142600
RPS15AP28	anon	x
NEUROG3	Q9Y4Z2	604882
NODAL	Q96S42	601265
PRF1	P14222	170280
PCBD1	P61457	126090
SLC29A3	Q9BZD2	612373
CDH23	Q9H251	605516
CDH23-AS1	anon	x
C10orf105	Q8TEF2	x
PSAP	P07602	176801
CHST3	Q7LGC8	603799
ASCC1	Q8N9N2	614215
CAMK2G	Q13555	602123
PLAU	P00749	191840
C10orf55	Q5SWW7	x
VCL	P18206	193065
ADK	P55263	102750
LRMDA	Q9H2I8	614537
KCNMA1	Q12791	600150
KCNMA1-AS1	anon	x
DLG5	Q8TDM6	604090
RPS24	P62847	602412
SFTPD	P35247	178635
ANXA11	P50995	602572
MAT1A	Q00266	610550
NRG3	P56975	605533
CDHR1	Q96JP9	609502
RGR	P47804	600342
OPN4	Q9UHM6	606665
LDB3	O75112	605906
BMPR1A	P36894	601299
GLUD1	P00367	138130
MINPP1	Q9UNW1	605391
PAPSS2	O95340	603005
RNLS	Q5VYX0	609360
LIPN	Q5VXI9	613924
FAS	P25445	134637
LIPA	P38571	613497
ANKRD1	Q15327	609599
BTAF1	O14981	605191
KIF11	P52732	148760
CYP26C1	Q6V0L0	608428
PDE6C	P51160	600827
FRA10AC1	Q70Z53	608866
LGI1	O95970	604619
CYP2C8	P10632	601129
SORBS1	Q9BX66	605264
ALDH18A1	P54886	138250
ENTPD1	P49961	601752
ENTPD1-AS1	anon	x
BLNK	Q8WV28	604515
HOGA1	Q86XE5	613597
ZFYVE27	Q5T4F4	610243
HPSE2	Q8WWQ2	613469
CUTC	Q9NTM9	610101
COX15	Q7KZN9	603646
ABCC2	Q92887	601107
CHUK	O15111	600664
HIF1AN	Q9NWT6	606615
PAX2	Q02962	167409
TWNK	Q96RR1	606075
PDZD7	Q9H5P4	612971
BTRC	Q9Y297	603482
DPCD	Q9BVM2	616467
POLL	Q9UGP5	606343
OGA	O60502	604039
NFKB2	Q00653	164012
SUFU	Q9UMX1	607035
CALHM1	Q8IU99	612234
COL17A1	Q9UMD9	113811
GSTO2	Q9H4Y5	612314
SORCS1	Q8WY21	606283
SMNDC1	O75940	603519
SMC3	Q9UQE7	606062
RBM20	Q5T481	613171
GPAM	Q9HCL2	602395
ACSL5	Q9ULC5	605677
ZDHHC6	Q9H6R6	x
HABP2	Q14520	603924
ATRNL1	Q5VV63	612869
GFRA1	P56159	601496
PNLIP	P16233	246600
VAX1	Q5SQQ9	604294
SLC18A2	Q05940	193001
EMX2	Q04743	600035
SFXN4	Q6P4A7	615564
GRK5	P34947	600870
BAG3	O95817	603883
WDR11	Q9BZH6	606417
FGFR2	P21802	176943
ARMS2	P0C7Q2	611313
HTRA1	Q92743	602194
DMBT1	Q9UGM3	601969
ACADSB	P45954	600301
OAT	P04181	613349
EDRF1	Q3B7T1	x
EDRF1-AS1	anon	x
UROS	P10746	606938
ADAM12	O43184	602714
ECHS1	P30084	602292
CYP2E1	P05181	124040
MLLT10	P55197	602409
WAC	Q9BTA9	615049
TFAM	Q00059	600438
ANK3	Q12955	600465
CTNNA3	Q9UI47	607667
DNA2	P51530	601810
GRID1	Q9ULK0	610659
PTEN	P60484	601728
HHEX	Q03014	604420
FFAR4	Q5NUL3	609044
RBP4	P02753	180250
PLCE1	Q9P212	608414
TCTN3	Q6NUS6	613847
HPS1	Q92902	604982
MRPL43	Q8N983	611848
SEMA4G	Q9NTN9	x
FBXW4	P57775	608071
CYP17A1	P05093	609300
CNNM2	Q9H8M5	607803
MIR936	anon	x
TCF7L2	Q9NQB0	602228
PRLHR	P49683	600895
MGMT	P16455	156569
SPRN	Q5BIV9	610447
SIRT3	Q9NTG7	604481
DEAF1	O75398	602635
BRSK2	Q8IWQ3	609236
CTSD	P07339	116840
TNNT3	P45378	600692
H19	anon	103280
KCNQ1	P51787	607542
KCNQ1-AS1	anon	x
PGAP2	Q9UHJ9	615187
STIM1	Q13586	605921
RRM1	P23921	180410
RRM1-AS1	anon	x
TRIM21	P19474	109092
TRIM5	Q9C035	608487
TRIM22	Q8IYM9	606559
APBB1	O00213	602709
ILK	Q13418	602366
TAF10	Q12962	600475
DCHS1	Q96JQ0	603057
MRPL17	Q9NRX2	611830
NLRP14	Q86W24	609665
RBMXL2	O75526	605444
SYT9	Q86SS6	613528
RPL27A	P46776	603637
ST5	P78524	140750
SCUBE2	Q9NQ36	611747
SBF2-AS1	anon	x
SBF2	Q86WG5	607697
AMPD3	Q01432	102772
GALNT18	Q6P9A2	615136
CSNK2A3	Q8NEV1	x
DKK3	Q9UBP4	605416
TEAD1	P28347	189967
PTH	P01270	168450
PDE3B	Q13370	602047
CYP2R1	Q6VVX0	608713
CALCB	P10092	114160
CALCA	P01258	114130
SOX6	P35712	607257
KCNJ11	Q14654	600937
ABCC8	Q09428	600509
USH1C	Q9Y6N9	605242
OTOG	Q6ZRI0	604487
TPH1	P17752	191060
SAA2-SAA4	anon	x
SAA2	P0DJI9	104751
HPS5	Q9UPZ3	607521
GTF2H1	P32780	189972
LDHA	P00338	150000
NAV2	Q8IVL1	607026
PRMT3	O60678	603190
SLC6A5	Q9Y345	604159
NELL1	Q92832	602319
ANO5	Q75V66	608662
ANO3	Q9BYT9	610110
BDNF-AS	anon	611468
BDNF	P23560	113505
KIF18A	Q8NI77	611271
FSHB	P01225	136530
ELP4	Q96EB1	606985
PAX6	P26367	607108
WT1	P19544	607102
WT1-AS	Q06250	607899
CAT	P04040	115500
APIP	Q96GX9	612491
PDHX	O00330	608769
CD44	P16070	107269
ACCS	Q96QU6	608405
EXT2	Q93063	608210
ALX4	Q9H161	605420
CD82	P27701	600623
CHST1	O43916	603797
PEX16	Q9Y5Y5	603360
LARGE2	Q8N3Y3	609709
F2	P00734	176930
LRP4-AS1	anon	x
LRP4	O75096	604270
DDB2	Q92466	600811
NR1H3	Q13133	602423
MADD	Q8WXG6	603584
MYBPC3	Q14896	600958
SPI1	P17947	165170
SLC39A13	Q96H72	608735
RAPSN	Q13702	601592
PTPRJ	Q12913	600925
FOLH1	Q04609	600934
SERPING1	P05155	606860
CTNND1	O60716	601045
GIF	P27352	x
TCN1	P20061	189905
MS4A6A	Q9H2W1	606548
MS4A6E	Q96DS6	608402
MS4A12	Q9NXJ0	606550
CCDC86	Q9H6F5	611293
PTGDR2	Q9Y5Y4	604837
CD5	P06127	153340
TMEM216	Q9P0N5	613277
FADS2	O95864	606149
BEST1	O76090	607854
FTH1	P02794	134770
SCGB1D2	O95969	615061
ROM1	Q03395	180721
BSCL2	Q96G97	606158
HNRNPUL2-BSCL2	anon	x
SLC22A6	Q4U2R8	607582
SLC22A9	Q8IVM8	607579
LGALS12	Q96DT0	606096
FERMT3	Q86UX7	607901
SLC22A11	Q9NSA0	607097
NRXN2	P58401	600566
RASGRP2	Q7LDG7	605577
PYGM	P11217	608455
SF1	Q15637	601516
MAP4K2	Q12851	603166
MEN1	O00255	613733
SLC25A45	Q8N413	610825
LTBP3	Q9NS15	602090
SIPA1	Q96FS4	602180
EFEMP2	O95967	604633
SART1	O43290	605941
CATSPER1	Q8NEC5	606389
GAL3ST3	Q96A11	608234
PACS1	Q6VY07	607492
SLC29A2	Q14542	602110
MRPL11	Q9Y3B7	611826
ACTN3	Q08043	102574
SPTBN2	O15020	604985
CABP4	P57796	608965
GSTP1	P09211	134660
TBX10	O75333	604648
ALDH3B2	P48448	601917
UNC93B1	Q9H1C4	608204
ALDH3B1	P43353	600466
NDUFS8	O00217	602141
KMT5B	Q4FZB7	610881
LRP5	O75197	603506
CPT1A	P50416	600528
IGHMBP2	P38935	600502
TPCN2	Q8NHX9	612163
CCND1	P24385	168461
SHANK2	Q9UPX8	603290
DHCR7	Q9UBM7	602858
UCP2	P55851	601693
UCP3	P55916	602044
SLCO2B1	O94956	604988
RPS3	P23396	600454
SERPINH1	P50454	600943
MAP6	Q96JE9	601783
CAPN5	O15484	602537
MYO7A	Q13402	276903
NDUFC2-KCTD14	E9PQ53	x
NDUFC2	O95298	603845
ALG8	Q9BVK2	608103
KCTD21-AS1	anon	x
GAB2	Q9UQC2	606203
NARS2	Q96I59	612803
TENM4	Q6N022	610084
PRCP	P42785	176785
PICALM	Q13492	603025
TMEM135	Q86UB9	616360
CTSC	P53634	602365
GRM5-AS1	anon	x
GRM5	P41594	604102
MED17	Q9NVC6	603810
MRE11	P49959	600814
CEP57	Q86XR8	607951
PGR	P06401	607311
PGR-AS1	anon	x
ANGPTL5	Q86XS5	607666
CEP126	Q9P2H0	614634
YAP1	P46937	606608
MMP20	O60882	604629
WTAPP1	anon	x
MMP10	P09238	185260
MMP1	P03956	120353
MMP3	P08254	185250
DYNC2H1	Q8NCM8	603297
CASP12	Q6UXS9	608633
CASP5	P51878	602665
ACAT1	P24752	607809
ATM	Q13315	607585
C11orf65	Q8NCR3	x
EXPH5	Q8NEV8	612878
RDX	P35241	179410
PPP2R1B	P30154	603113
CRYAB	P02511	123590
DLAT	P10515	608770
IL18	Q14116	600953
PTS	Q03393	612719
NCAM1	P13591	116930
ANKK1	Q8NFD2	608774
DRD2	P14416	126450
TMPRSS5	Q9H3S3	606751
HTR3B	O95264	604654
HTR3A	P46098	182139
ZBTB16	Q05516	176797
CADM1	Q9BY67	605686
APOA5	Q6Q788	606368
APOA4	P06727	107690
APOC3	P02656	107720
APOA1	P02647	107680
APOA1-AS	anon	x
BACE1	P56817	604252
BACE1-AS	anon	614263
CEP164	Q9UPV0	614848
IL10RA	Q13651	146933
TMPRSS4	Q9NRS4	606565
SCN4B	Q8IWT1	608256
KMT2A	Q03164	159555
TREH	O43280	275360
TRAPPC4	Q9Y296	610971
SLC37A4	O43826	602671
HMBS	P08397	609806
DPAGT1	Q9H3H5	191350
NLRX1	Q86UT6	611947
CBL	P22681	165360
NECTIN1	Q15223	600644
ARHGEF12	Q9NZN5	604763
GRIK4	Q16099	600282
TECTA	O75443	602574
SORL1	Q92673	602005
HSPA8	P11142	600816
SNORD14D	anon	x
CLMP	Q9H6B4	611693
ZNF202	O95125	603430
ROBO3	Q96MS0	608630
HEPACAM	Q14CZ8	611642
CHEK1	O14757	603078
HYLS1	Q96M11	610693
PUS3	Q9BZE2	616283
DDX25	Q9UHL0	607663
CDON	Q4KMG0	608707
SRPRA	P08240	182180
FOXRED1	Q96CU9	613622
ST3GAL4	Q11206	104240
KIRREL3	Q8IZU9	607761
ETS1	P14921	164720
FLI1	Q01543	193067
KCNJ5	P48544	600734
TP53AIP1	Q9HCN2	605426
ST14	Q9Y5Y6	606797
SNX19	Q92543	x
JAM3	Q9BX67	606871
HRAS	P01112	190020
IRF7	Q92985	605047
SLC25A22	Q9H936	609302
PNPLA2	Q96AD5	609059
CD151	P48509	602243
POLR2L	P62875	601189
MUC6	Q6W4X9	158374
MUC2	Q02817	158370
MUC5B	Q9HC84	600770
TNNI2	P48788	191043
IGF2	P01344	147470
INS-IGF2	F8WCM5	x
INS	P01308	176730
TH	P07101	191290
TSSC4	Q9Y5U2	603852
SLC22A18AS	Q8N1D0	603240
HBG2	P69892	142250
HBE1	P02100	142100
SMPD1	P17405	607608
STK33	Q9BYT3	607670
NAV2-AS2	anon	x
SLC1A2	P43004	600300
SLC35C1	Q96A29	605881
MAPK8IP1	Q9UQF2	604641
FAM111B	Q6SJ93	615584
SLC22A8	Q8TCC7	607581
SLC22A12	Q96S37	607096
BBS1	Q8NFJ9	209901
AIP	O00170	605555
MIR6752	anon	x
TCIRG1	Q13488	604592
KCNE3	Q9Y6H6	604433
MTMR2	Q13614	603557
MMP8	P22894	120355
MMP13	P45452	600108
CUL5	Q93034	601741
NPAT	Q14207	601448
FXYD2	P54710	601814
FXYD6-FXYD2	anon	x
CD3D	P04234	186790
MFRP	Q9BY79	606227
SIAE	Q9HAT2	610079
TIRAP	P58753	606252
SLC6A12	P48065	603080
SLC6A13	Q9NSD5	615097
WNK1	Q9H4A3	605232
RAD52	P43351	600392
WNT5B	Q9H1J7	606361
ADIPOR2	Q86V24	607946
CACNA2D4	Q7Z3S7	608171
DCP1B	Q8IZD4	609843
CACNA1C	Q13936	114205
CACNA1C-AS1	anon	x
AKAP3	O75969	604689
NDUFA9	Q16795	603834
KCNA1	Q09470	176260
NTF3	P20783	162660
VWF	P04275	613160
TNFRSF1A	P19438	191190
SCNN1A	P37088	600228
CD27-AS1	anon	x
CD27	P26842	186711
TAPBPL	Q9BX59	607081
VAMP1	P23763	185880
MRPL51	Q4U2R6	611855
NCAPD2	Q15021	615638
CD4	P01730	186940
TPI1	P60174	190450
ATN1	P54259	607462
C12orf57	Q99622	615140
PTPN6	P29350	176883
C1R	P00736	613785
C1RL	Q9NZP8	608974
AICDA	Q9GZX7	605257
A2ML1	A8K2U0	610627
A2M-AS1	anon	x
A2M	P01023	103950
PZP	P20742	176420
CLEC2D	Q9UHP7	605659
CLEC7A	Q9BXN2	606264
OLR1	P78380	602601
KLRC4-KLRK1	anon	x
KLRK1	P26718	611817
TAS2R9	Q9NYW1	604795
PRH1	P02810	168730
TAS2R14	Q9NYV8	604790
TAS2R50	P59544	609627
TAS2R19	P59542	613961
PRB4	P10163	180990
GRIN2B	Q13224	138252
GUCY2C	P25092	601330
C12orf60	Q5U649	x
ART4	Q93070	110600
MGP	P08493	154870
PTPRO	Q16827	600579
MGST1	P10620	138330
PIK3C2G	O75747	609001
PDE3A	Q14432	123805
SLCO1B3	Q9NPD5	605495
SLCO1B1	Q9Y6L6	604843
SPX	Q9BT56	x
GYS2	P54840	138571
LDHB	P07195	150100
ABCC9	O60706	601439
SOX5	P35711	604975
BCAT1	P54687	113520
KRAS	P01116	190070
FGD4	Q96M96	611104
DNM1L	O00429	603850
YARS2	Q9Y2Z4	610957
PKP2	Q99959	602861
KIF21A	Q7Z4S6	608283
LRRK2	Q5S007	609007
CNTN1	Q12860	600016
PPHLN1	Q8NEY8	608150
PRICKLE1	Q96MT3	608500
ANO6	Q4KMQ2	608663
VDR	P11473	601769
COL2A1	P02458	120140
PFKM	P08237	610681
CCDC65	Q8IXS2	611088
KMT2D	O14686	602113
AQP2	P41181	107777
AQP5	P55064	600442
GPD1	P21695	138420
DIP2B	Q9P265	611379
SLC11A2	P49281	600523
SCN8A	Q9UQD0	600702
ACVRL1	P37023	601284
KRT83	P78385	602765
KRT75	O95678	609025
KRT6C	P48668	612315
KRT74	Q7RTS7	608248
KRT2	P35908	600194
KRT1	P04264	139350
KRT3	P12035	148043
KRT4	P19013	123940
KRT8	P05787	148060
SOAT2	O75908	601311
C12orf10	Q9HB07	611366
AAAS	Q9NRG9	605378
SP7	Q8TDD2	606633
AMHR2	Q16671	600956
ATP5MC2	Q06055	603193
HOXC13	P31276	142976
SMUG1	Q53HV7	607753
PPP1R1A	Q13522	613246
ITGA7	Q13683	600536
SUOX	P51687	606887
RPS26	P62854	603701
ERBB3	P21860	190151
MIP	P30301	154050
TAC3	Q9UHF0	162330
LRP1	Q07954	107770
GLI1	P08151	165220
ARHGAP9	Q9BRR9	610576
MARS	P56192	156560
KIF5A	Q12840	602821
SLC26A10	Q8NG04	x
B4GALNT1	Q00973	601873
USP15	Q9Y4E8	604731
AVPR1A	P37288	600821
TBK1	Q9UHD2	604834
GNS	P15586	607664
LEMD3	Q9Y2U8	607844
IRAK3	Q9Y616	604459
GRIP1	Q9Y3R0	604597
MDM2	Q00987	164785
LYZ	P61626	153450
PTPRB	P23467	176882
PTPRR	Q15256	602853
TPH2	Q8IWU9	607478
OTOGL	Q3ZCN5	614925
PTPRQ	Q9UMZ3	603317
CEP290	O15078	610142
DUSP6	Q16828	602748
KERA	O60938	603288
HAL	P42357	609457
TMPO	P42166	188380
APAF1	O14727	602233
ANKS1B	Q7Z6G8	607815
SLC17A8	Q8NDX2	607557
NR1H4	Q96RI1	603826
MYBPC1	Q00872	160794
GNPTAB	Q3T906	607840
PAH	P00439	612349
STAB2	Q8WWQ8	608561
HSP90B1	P14625	191175
C12orf73	Q69YU5	x
WASHC4	Q2M389	615748
POLR3B	Q9NW08	614366
FICD	Q9BVA6	x
SART3	Q15020	611684
ISCU	Q9H1K1	611911
SSH1	Q8WYL5	606778
ACACB	O00763	601557
MMAB	Q96EY8	607568
MVK	Q03426	251170
TRPV4	Q9HBA0	605427
TCTN1	Q2MV58	609863
HVCN1	Q96D96	611227
CUX2	O14529	610648
SH2B3	Q9UQQ2	605093
ATXN2	Q99700	601517
OAS2	P29728	603350
MED13L	Q71F56	608771
NOS1	P29475	163731
COQ5	Q5HYK3	616359
ACADS	P16219	606885
HNF1A	P20823	142410
P2RX7	Q99572	602566
P2RX4	Q99571	600846
CAMKK2	Q96RR4	615002
ORAI1	Q96D31	610277
WDR66	Q8TBY9	618146
B3GNT4	Q9C0J1	605864
DIABLO	Q9NR28	605219
CLIP1	P30622	179838
ZCCHC8	Q6NZY4	616381
SBNO1	A3KN83	614274
KMT5A	Q9NQR1	607240
ATP6V0A2	Q9Y487	611716
SCARB1	Q8WTV0	601040
DHX37	Q8IY37	617362
PUS1	Q9Y606	608109
GALNT9	Q9HCQ5	606251
P2RX2	Q9UBL9	600844
POLE	Q07864	174762
PXMP2	Q9NR77	617399
GOLGA3	Q08378	602581
CHFR	Q96EP1	605209
TULP3	O75386	604730
GDF3	Q9NR23	606522
A2ML1-AS1	anon	x
ETV6	P41212	600618
LRP6	O75581	603507
CDKN1B	P46527	600778
RERGL	Q9H628	x
SLCO1C1	Q9NYB5	613389
ADCY6	O43306	600294
PRPH	P41219	170710
TROAP	Q12815	603872
ACVR1B	P36896	601300
KRT85	P78386	602767
HOXC6	P09630	142972
MIR196A2	anon	609687
MYO1A	Q9UBC5	601478
STAT6	P42226	601512
TSFM	P43897	604723
AVIL	O75366	613397
MRPL42	Q9Y6G3	611847
NDUFA12	Q9UI09	614530
IKBIP	Q70UQ0	609861
OAS1	P00973	164350
COX6A1	P12074	602072
HNF1A-AS1	anon	x
PGAM5	Q96HS1	614939
PSPC1	Q8WXF1	612408
CRYL1	Q9Y2S2	609877
FGF9	P31371	600921
SGCG	Q13326	608896
SACS	Q9NZJ4	604490
SPATA13	Q96N96	613324
ATP8A2	Q9NTI2	605870
RNF6	Q9Y252	604242
WASF3	Q9UPY6	605068
POLR1D	P0DPB5	613715
FLT3	P36888	136351
FLT1	P17948	165070
POMP	Q9Y244	613386
SLC7A1	P30825	104615
ALOX5AP	P20292	603700
B3GLCT	Q6Y288	610308
RXFP2	Q8WXD0	606655
FRY	Q5TBA9	614818
BRCA2	P51587	600185
KL	Q9UEF7	604824
NBEA	Q8NFP9	604889
DCLK1	O15075	604742
RFXAP	O00287	601861
CSNK1A1L	Q8N752	x
TRPC4	Q9UBN4	603651
FREM2	Q5SZK8	608945
COG6	Q9Y2V7	606977
CPB2-AS1	anon	x
CPB2	Q96IY4	603101
LRCH1	Q9Y2L9	610368
HTR2A	P28223	182135
SUCLA2	Q9P2R7	603921
RB1	P06400	614041
SETDB2	Q96T68	607865
RNASEH2B-AS1	anon	x
RNASEH2B	Q5TBB1	610326
DIAPH3	Q9NSV4	614567
DIAPH3-AS1	anon	x
PCDH9	Q9HC56	603581
KLHL1	Q9NR64	605332
ATXN8OS	P0DMR3	603680
TBC1D4	O60343	612465
EDNRB	P24530	131244
SPRY2	O43597	602466
MIR17HG	Q75NE6	609415
GPC6	Q9Y625	604404
ABCC4	O15439	605250
SLC15A1	P46059	600544
DOCK9	Q9BZ29	607325
UBAC2	Q8NBM4	x
CLYBL	Q8N0X4	609686
PCCA	P05165	232000
NALCN	Q8IZF0	611549
TPP2	P29144	190470
BIVM-ERCC5	anon	x
ERCC5	P28715	133530
SLC10A2	Q12908	601295
DAOA-AS1	anon	607415
DAOA	P59103	607408
IRS2	Q9Y4H2	600797
COL4A1	P02462	120130
COL4A2	P08572	120090
COL4A2-AS1	anon	x
CARS2	Q9HA77	612800
ING1	Q9UK53	601566
ARHGEF7	Q14155	605477
F7	P08709	613878
F10	P00742	613872
GRK1	Q15835	180381
GJA3	Q9Y6H8	121015
CENPJ	Q9HC77	609279
SPART	Q8N0X7	607111
MRPS31	Q92665	611992
TNFSF11	O14788	602642
TPT1-AS1	anon	x
SLC25A30	Q5SVS4	610793
PHF11	Q9UIL8	607796
ATP7B	P35670	606882
ALG11	Q2TAA5	613666
UTP14C	Q5TAP6	608969
PROZ	P22891	176895
GAS6-AS1	anon	x
GAS6	Q14393	600441
TEP1	Q99973	601686
PNP	P00491	164050
RNASE3	P12724	131398
RPGRIP1	Q96KN7	605446
SUPT16H	Q9Y5B9	605012
CHD8	Q9HCK8	610528
SALL2	Q9Y467	602219
TRAC	P01848	186880
SLC7A7	Q9UM01	603593
MMP14	P50281	600754
SLC7A8	Q9UHI5	604235
BCL2L2	Q92843	601931
BCL2L2-PABPN1	Q92843	x
PABPN1	Q86U42	602279
MYH6	P13533	160710
MYH7	P12883	160760
NRL	P54845	162080
PCK2	Q16822	614095
TGM1	P22735	190195
RABGGTA	Q92696	601905
DHRS1	Q96LJ7	610410
RIPK3	Q9Y572	605817
NFATC4	Q14934	602699
CMA1	P23946	118938
GZMB	P10144	123910
COCH	O43405	603196
AP4S1	Q9Y587	607243
NUBPL	Q8TB37	613621
NPAS3	Q8IXF0	609430
CFL2	Q9Y281	601443
NFKBIA	P25963	164008
RALGAPA1	Q6GYQ0	608884
PAX9	P55771	167416
SLC25A21	Q9BQT8	607571
MIPOL1	Q8TD10	606850
FOXA1	P55317	602294
SEC23A	Q15436	610511
GEMIN2	O14893	602595
LRFN5	Q96NI6	612811
FSCB	Q5H9T9	611779
DNAAF2	Q9NVR5	612517
L2HGDH	Q9H9P8	609584
MAP4K5	Q9Y4K4	604923
ATL1	Q8WXF7	606439
NIN	Q8N4C6	608684
PYGL	P06737	613741
FRMD6	Q96NE9	614555
PTGER2	P43116	176804
DDHD1	Q8NEL9	614603
BMP4	P12644	112262
GCH1	P30793	600225
DACT1	Q9NYF0	607861
LINC01500	anon	x
C14orf39	Q8N1H7	617307
SIX6	O95475	606326
PRKCH	P24723	605437
HIF1A	Q16665	603348
HIF1A-AS2	anon	614529
SYNE2	Q8WXH0	608442
ESR2	Q92731	601663
MTHFD1	P11586	172460
SPTB	P11277	182870
FUT8	Q9BYC5	602589
GPHN	Q9NQX3	603930
RDH12	Q96NR8	608830
ZFYVE26	Q68DK2	612012
RAD51B	O15315	602948
SMOC1	Q9H4F8	608488
RGS6	P49758	603894
PSEN1	P49768	104311
COQ6	Q9Y2Z9	614647
ENTPD5	O75356	603162
BBOF1	Q8ND07	x
ALDH6A1	Q02252	603178
VSX2	P58304	142993
ABCD4	O14678	603214
LTBP2	Q14767	602091
DLST	P36957	126063
EIF2B2	P49770	606454
MLH3	Q9UHC1	604395
FLVCR2	Q9UPI3	610865
IFT43	Q96FT9	614068
ESRRB	O95718	602167
POMT2	Q9UKY4	607439
GSTZ1	O43708	603758
VIPAS39	Q9H9C1	613401
SPTLC2	O15270	605713
NRXN3	Q9HDB5	600567
DIO2	Q92813	601413
TSHR	P16473	603372
GALC	P54803	606890
SPATA7	Q9P0W8	609868
ZC3H14	Q6PJT7	613279
TDP1	Q9NUW8	607198
CCDC88C	Q9P219	611204
FBLN5	Q9UBX5	604580
GOLGA5	Q8TBA6	606918
CHGA	P10645	118910
UBR7	Q8N806	613816
SERPINA6	P08185	122500
BDKRB2	P30411	113503
VRK1	Q99986	602168
SLC25A29	Q8N8R3	615064
DYNC1H1	Q14204	600112
HSP90AA1	P07900	140571
TECPR2	O15040	615000
TRAF3	Q13114	601896
CDC42BPB	Q9Y5S2	614062
TNFAIP2	Q03169	603300
JAG2	Q9Y219	602570
IGHM	P01871	147020
PARP2	Q9UGN5	607725
DHRS2	Q13268	615194
CTSG	P08311	116830
PSMA6	P60900	602855
MGAT2	Q10469	602616
POLE2	P56282	602670
LGALS3	P17931	153619
ZFP36L1	Q07352	601064
AREL1	O15033	615380
SEL1L	Q9UBV2	602329
ATXN3	P54252	607047
NDUFB1	O75438	603837
CPSF2	Q9P2I0	606028
SERPINA10	Q9UK55	605271
SERPINA3	P01011	107280
BCL11B	Q9C0K0	606558
AMN	Q9BXJ7	605799
INF2	Q27J81	610982
AKT1	P31749	164730
TUBGCP5	Q96RT8	608147
MKRN3	Q13064	603856
MAGEL2	Q9UJ55	605283
PWRN1	anon	611215
SNRPN	P63162	182279
SNURF	Q9Y675	x
SNHG14	anon	616259
SNORD116-11	anon	x
SNORD116-20	anon	x
ATP10A	O60312	605855
GABRB3	P28472	137192
GABRA5	P31644	137142
GABRG3	Q99928	600233
OCA2	Q04671	611409
HERC2	O95714	605837
APBA2	Q99767	602712
TRPM1	Q7Z4N2	603576
CHRNA7	P36544	118511
FMN1	Q68DA7	136535
RYR3	Q15413	180903
SLC12A6	Q9UHW9	604878
GJD2	Q9UKL4	607058
SPRED1	Q7Z699	609291
EIF2AK4	Q9P2K8	609280
BUB1B	O60566	602860
PAK6	Q9NQU5	608110
BUB1B-PAK6	anon	x
IVD	P26440	607036
KNL1	Q8NG31	609173
NDUFAF1	Q9Y375	606934
LTK	P29376	151520
SPTBN5	Q9NRC6	605916
CAPN3	P20807	114240
CDAN1	Q8IWY9	607465
UBR1	Q8IWV7	605981
SPG11	Q96JI7	610844
DUOX2	Q9NRD8	606759
DUOXA2	Q1HG44	612772
SLC28A2	O43868	606208
GATM	P50440	602360
SEMA6D	Q8NFY4	609295
SLC12A1	Q13621	600839
FBN1	P35555	134797
CEP152	O94986	613529
TRPM7	Q96QT4	605692
AP4E1	Q9UPM8	607244
SCG3	Q8WXD2	611796
MYO5A	Q9Y4I1	160777
WDR72	Q3MJ13	613214
PIGB	Q92521	604122
CCPG1	Q9ULG6	611326
DNAAF4-CCPG1	anon	x
C15orf65	H3BRN8	x
DNAAF4	Q8WXU2	608706
TEX9	Q8N6V9	x
MNS1	Q8NEH6	610766
TCF12	Q99081	600480
ALDH1A2	O94788	603687
LIPC	P11150	151670
MYO1E	Q12965	601479
RORA-AS1	anon	x
RORA	P35398	600825
TLN2	Q9Y4G6	607349
TPM1	P09493	191010
LACTB	P83111	608440
RPS27L	Q71UM5	612055
SNX22	Q96L94	x
PPIB	P23284	123841
PIF1	Q9H611	610953
SPG21	Q9NZD8	608181
MTFMT	Q96DP5	611766
CILP	O75339	603489
MEGF11	A6BM72	612454
MAP2K1	Q02750	176872
SMAD6	O43541	602931
SMAD3	P84022	603109
AAGAB	Q6PD74	614888
ITGA11	Q9UKX5	604789
HEXA	P06865	606869
HIGD2B	Q4VC39	x
BBS4	Q96RK4	600374
HCN4	Q9Y3Q4	605206
LOXL1	Q08397	153456
PML	P29590	102578
STRA6	Q9BX79	610745
CCDC33	Q8N5R6	x
MPI	P34949	154550
NEIL1	Q96FI4	608844
ETFA	P13804	608053
SCAPER	Q9BY12	611611
CIB2	O75838	605564
DNAJA4	Q8WW22	x
WDR61	Q9GZS3	609540
CHRNA5	P30532	118505
CHRNA3	P32297	118503
CHRNB4	P30926	118509
ANKRD34C-AS1	anon	x
MIR184	anon	613146
FAH	P16930	613871
CEMIP	Q8WUJ3	608366
MESD	Q14696	607783
IL16	Q14005	603035
CPEB1-AS1	anon	x
AP3B2	Q13367	602166
HOMER2	Q9NSB8	604799
ADAMTSL3	P82987	609199
ZNF592	Q92610	613624
SLC28A1	O00337	606207
AKAP13	Q12802	604686
AGBL1	Q96MI9	615496
NTRK3	Q16288	191316
ACAN	P16112	155760
MFGE8	Q08431	602281
FANCI	Q9NVI1	611360
POLG	P54098	174763
KIF7	Q2M1P5	611254
PLIN1	O60240	170290
IQGAP1	P46940	603379
BLM	P54132	604610
FURIN	P09958	136950
FES	P07332	190030
VPS33B	Q9H267	608552
SV2B	Q7L1I2	185861
SLCO3A1	Q9UIG8	612435
CHD2	O14647	602119
RGMA	Q96B86	607362
IGF1R	P08069	147370
SYNM	O15061	606087
MEF2A	Q02078	600660
ADAMTS17	Q8TE56	607511
LINS1	Q8NG48	610350
ALDH1A3	P47895	600463
LRRK1	Q38SD2	610986
CHSY1	Q86X52	608183
NIPA1	Q7RTP0	608145
EMC4	Q5J8M3	616245
NOP10	Q9NPE3	606471
THBS1	P07996	188060
FSIP1	Q8NA03	615795
CKMT1B	P12532	123290
STRC	Q7RTU9	606440
DUOX1	Q9NRD9	606758
MIR4713HG	anon	x
CYP19A1	P11511	107910
CA12	O43570	603263
KBTBD13	C9JR72	613727
CLN6	Q9NWW5	606725
LOXL1-AS1	anon	616800
CYP11A1	P05108	118485
PSTPIP1	O43586	606347
AXIN1	O15169	603816
MRPL28	Q13084	604853
LMF1	Q96S06	611761
UBE2I	P63279	601661
CLCN7	P51798	602727
HAGH	Q16775	138760
NDUFB10	O96000	603843
MEFV	O15553	608107
SLX4	Q8IY92	613278
DNASE1	P24855	125505
TRAP1	Q12931	606219
CREBBP	Q92793	600140
ADCY9	O60503	603302
SEPT12	Q8IYM1	611562
ROGDI	Q9GZN7	614574
NAGPA-AS1	anon	x
NAGPA	Q9UK23	607985
ALG1	Q9BT22	605907
RBFOX1	Q9NWB1	605104
ABAT	P80404	137150
PMM2	O15305	601785
USP7	Q93009	602519
GRIN2A	Q12879	138253
CIITA	P33076	600005
RMI2	Q96E14	612426
PRM1	P04553	182880
LITAF	Q99732	603795
GSPT1	P15170	139259
ERCC4	Q92889	133520
NDE1	Q9NXR1	609449
MYH11	P35749	160745
ABCC1	P33527	158343
ABCC6	O95255	603234
XYLT1	Q86Y38	608124
SMG1	Q96Q15	607032
COQ7	Q99807	601683
GP2	P55259	602977
UMOD	P07911	191845
ACSM3	Q53FZ2	145505
ERI2	A8K979	x
OTOA	Q7RTW8	607038
EEF2K	O00418	606968
SCNN1G	P51170	600761
SCNN1B	P51168	600760
EARS2	Q5JPH6	612799
PRKCB	P05771	176970
TNRC6A	Q8NDV7	610739
SLC5A11	Q8WWX8	610238
IL4R	P24394	147781
IL21R	Q9HBE5	605383
IL21R-AS1	anon	x
SULT1A1	P50225	171150
TUFM	P49411	602389
SH2B1	Q9NRF2	608937
ATP2A1	O14983	108730
RABEP2	Q9H5N1	611869
CD19	P15391	107265
KIF22	Q14807	603213
PRRT2	Q7Z6L0	614386
SEZ6L2	Q6UXD5	616667
KCTD13	Q8WZ19	608947
DOC2A	Q14183	604567
TBX6	O95947	602427
SRCAP	Q6ZRS2	611421
PHKG2	P15735	172471
HSD3B7	Q9H2F3	607764
BCKDK	O14874	614901
FUS	P35637	137070
TRIM72	Q6ZMU5	613288
ITGAM	P11215	120980
AHSP	Q9NZD4	605821
VPS35	Q96QK1	601501
ORC6	Q9Y5N6	607213
ABCC12	Q96J65	607041
ZNF423	Q2M1K9	604557
NOD2	Q9HC29	605956
CYLD	Q9NQC7	605018
SALL1	Q9NSC2	602218
CASC16	anon	x
RPGRIP1L	Q68CZ1	610937
FTO	Q9C0B1	610966
IRX5	P78411	606195
MMP2	P08253	120360
SLC6A2	P23975	163970
CES1	P23141	114835
GNAO1	P09471	139311
BBS2	Q9BXC9	606151
CETP	P11597	118470
CCL22	O00626	602957
COQ9	O75208	612837
ADGRG1	Q9Y653	604110
CNGB1	Q14028	600724
USB1	Q9BQ65	613276
CSNK2A2	P19784	115442
CDH5	P33151	601120
HSF4	Q9ULV5	602438
NOL3	O60936	605235
PLEKHG4	Q58EX7	609526
HSD11B2	P80365	614232
CTCF	P49711	604167
PRMT7	Q9NVM4	610087
ZFP90	Q8TF47	609451
CDH1	P12830	192090
NQO1	P15559	125860
WWP2	O00308	602308
MIR140	anon	611894
AARS	P49588	601065
COG4	Q9H9E3	606976
HYDIN	Q4G0P3	610812
TAT-AS1	anon	x
TAT	P17735	613018
PHLPP2	Q6ZVD8	611066
DHODH	Q02127	126064
TXNL4B	Q9NX01	617722
HP	P00738	140100
ZFHX3	Q15911	104155
CHST5	Q9GZS9	604817
TMEM231	Q9H6L2	614949
KARS	Q15046	601421
CNTNAP4	Q9C0A0	610518
ADAMTS18	Q8TE60	607512
WWOX	Q9NZC7	605131
MAF	O75444	177075
BCO1	Q9HAY6	605748
GAN	Q9H2C0	605379
PLCG2	P16885	600220
CDH13	P55290	601364
DNAAF1	Q8NEP3	613190
TAF1C	Q15572	604905
GSE1	Q14687	616886
COX4I1	P13073	123864
IRF8	Q02556	601565
JPH3	Q8WXH2	605268
ZNF469	Q96JG9	612078
ACSF3	Q4G176	614245
CDH15	P55291	114019
ANKRD11	Q6UB99	611192
SPG7	Q9UQ90	602783
ZNF276	Q8N554	608460
FANCA	O15360	607139
MPG	P29372	156565
TMEM8A	Q9HCN3	x
SOX8	P57073	605923
SSTR5	P35346	182455
CACNA1H	O95180	607904
IFT140	Q96RY7	614620
SPSB3	Q6PJ21	611659
IGFALS	P35858	601489
GFER	P55789	600924
ABCA3	Q99758	601615
GLIS2	Q9BZE0	608539
PAM16	Q9Y3D7	614336
GPR139	Q6DWJ6	x
CRYM	Q14894	123740
PALB2	Q86YC2	610355
ALDOA	P04075	103850
PHKB	Q93100	172490
TOX3	O15405	611416
SLC12A3	P55017	600968
MIR6863	anon	x
CIAPIN1	Q6FI81	608943
TK2	O00142	188250
CDH3	P22223	114021
HSD17B2	P37059	109685
CYBA	P13498	608508
CDT1	Q9H211	605525
GALNS	P34059	612222
DPEP1	P16444	179780
CHMP1A	Q9HD42	164010
MC1R	Q01726	155555
GEMIN4	P57678	606969
MYO1C	O00159	606538
PRPF8	Q6P2Q9	607300
SERPINF1	P36955	172860
RPA1	P27694	179835
SPATA22	Q8NHS9	617673
ASPA	P45381	608034
TRPV3	Q8NET8	607066
TRPV1	Q8NER1	602076
SHPK	Q9UHJ6	605060
CTNS	O60931	606272
P2RX5-TAX1BP3	anon	x
P2RX5	Q93086	602836
ITGAE	P38570	604682
CAMKK1	Q8N5S9	611411
ALOX15	P16050	152392
CXCL16	Q9H2A7	605398
PLD2	O14939	602384
CHRNE	Q04844	100725
C17orf107	Q6ZR85	x
KIF1C	O43896	603060
SLC52A1	Q9NWF4	607883
NLRP1	Q9C000	606636
AIPL1	Q9NZN9	604392
PITPNM3	Q9BZ71	608921
ALOX12-AS1	anon	x
ALOX12	P18054	152391
ACADVL	P49748	609575
SLC2A4	P14672	138190
YBX2	Q9Y2T7	611447
NLGN2	Q8NFZ4	606479
CHRNB1	P11230	100710
TNFSF12	O43508	602695
TNFSF12-TNFSF13	anon	x
MPDU1	O75352	604041
TP53	P04637	191170
DNAH2	Q9P225	603333
CHD3	Q12873	602120
ALOX12B	O75342	603741
PER1	O15534	602260
CTC1	Q2NKJ3	613129
PFAS	O15067	602133
SLC25A35	Q3KQZ1	610818
RANGRF	Q9HD47	607954
PIK3R5	Q8WYR1	611317
RCVRN	P35243	179618
MYH13	Q9UKX3	603487
MYHAS	anon	x
MYH8	P13535	160741
MYH3	P11055	160720
DNAH9	Q9NYC9	603330
MYOCD	Q8IZQ8	606127
ELAC2	Q9BQ52	605367
COX10	Q12887	602125
PMP22	Q01453	601097
TTC19	Q6DKK2	613814
NCOR1	O75376	600849
TNFRSF13B	O14836	604907
PEMT	Q9UBM1	602391
RAI1	Q7Z5J4	607642
MYO15A	Q9UKN7	602666
SHMT1	P34896	182144
B9D1	Q9UPM9	614144
SLC47A1	Q96FL8	609832
AKAP10	O43572	604694
MAP2K3	P46734	602315
KCNJ12	Q14500	602323
SARM1	Q6SZW1	607732
VTN	P04004	193190
FOXN1	O15353	600838
UNC119	Q13432	604011
SUPT6H	Q7KZ85	601333
ABHD15-AS1	anon	x
GIT1	Q9Y2X7	608434
EFCAB5	A4FU69	x
SLC6A4	P31645	182138
NF1	P21359	613113
CDK5R1	Q15078	603460
CCL2	P13500	158105
CCL11	P51671	601156
RAD51D	O75771	602954
TAF15	Q92804	601574
MYO19	Q96H55	617379
PIGW	Q7Z7B1	610275
ACACA	Q13085	200350
HNF1B	P35680	189907
PGAP3	Q96FM1	611801
ERBB2	P04626	164870
ZPBP2	Q6X784	608499
GSDMB	Q8TAX9	611221
GSDMA	Q96QA5	611218
CDC6	Q99741	602627
KRT10	P13645	148080
TMEM99	Q8N816	x
KRT37	O76014	604541
KRT38	O76015	604542
KRT13	P13646	148065
KRT9	P35527	607606
JUP	P14923	173325
FKBP10	Q96AY3	607063
KLHL10	Q6JEL2	608778
ACLY	P53396	108728
STAT3	P40763	102582
ATP6V0A1	Q93050	192130
NAGLU	P54802	609701
HSD17B1	P14061	109684
COASY	Q13057	609855
PSMC3IP	Q9P2W1	608665
BRCA1	P38398	113705
PYY	P10082	600781
G6PC3	Q9BUM1	611045
SLC4A1	P02730	109270
SLC25A39	Q9BZJ4	610820
GPATCH8	Q9UKJ3	614396
EFTUD2	Q15029	603892
PLEKHM1	Q9Y4G2	611466
LINC02210-CRHR1	anon	x
CRHR1	P34998	122561
MAPT-AS1	anon	x
MAPT	P10636	157140
STH	Q8IWL8	607067
KANSL1	Q7Z3B3	612452
GOSR2	O14653	604027
CDC27	P30260	116946
ITGB3	P05106	173470
TBX21	Q9UL17	604895
MRPL10	Q7Z7H8	611825
PNPO	Q9NVS9	603287
CDK5RAP3	Q96JB5	608202
HOXB1	P14653	142968
HOXB3	P14651	142966
HOXB-AS3	anon	x
HOXB6	P17509	142961
SUMO2P17	anon	x
ATP5MC1	P05496	603192
GIP	P09681	137240
PHB	P35232	176705
NGFR	P08138	162010
ITGA3	P26006	605025
PDK2	Q15119	602525
SGCA	Q16586	600119
HILS1	P60008	608101
COL1A1	P02452	120150
XYLT2	Q9H1B5	608125
EME1	Q96AY2	610885
LRRC59	Q96AG4	614854
CACNA1G	O43497	604065
ABCC3	O15438	604323
NME1	P15531	156490
NME1-NME2	anon	x
DGKE	P52429	601440
TRIM25	Q14258	600453
MRPS23	Q9Y3D9	611985
EPX	P11678	131399
MKS1	Q9NXB0	609883
TEX14	Q8IWB6	605792
RAD51C	O43502	602774
TBX2-AS1	anon	x
TBX2	Q13207	600747
BRIP1	Q9BX63	605882
MED13	Q9UHV7	603808
TANC2	Q9HCD6	615047
ACE	P12821	106180
STRADA	Q7RTN6	608626
GH2	P01242	139240
CD79B	P40259	147245
SCN4A	P35499	603967
PECAM1	P16284	173445
DDX5	P17844	180630
RGS9	O75916	604067
AXIN2	Q9Y2T1	604025
PRKCA	P17252	176960
PRKAR1A	P10644	188830
FAM20A	Q96MK3	611062
ABCA10	Q8WWZ4	612508
COG1	Q8WTW3	606973
DNAI2	Q9GZS0	605483
SLC25A19	Q9HC21	606521
TSEN54	Q7Z6J9	608755
ITGB4	P16144	147557
GALK1	P51570	604313
UNC13D	Q70J99	608897
MRPL38	Q96DV4	611844
RHBDF2	Q6PJF5	614404
CYGB	Q8WWM9	608759
PRCD	Q00LT1	610598
SEPT9	Q9UHD8	604061
TMC6	Q7Z403	605828
BIRC5	O15392	603352
CCDC40	Q4G0X9	613799
GAA	P10253	606800
CARD14	Q9BXL6	607211
SGSH	P51688	605270
RNF213	Q63HN8	613768
RPTOR	Q8N122	607130
PDE6G	P18545	180073
P4HB	P07237	176790
ASPSCR1	Q9BZE9	606236
FOXK2	Q01167	147685
WDR45B	Q5MNZ6	609226
FN3K	Q9H479	608425
RPH3AL	Q9UNE2	604881
WDR81	Q562E7	614218
SERPINF2	P08697	613168
SMYD4	Q8IYR2	x
SMG6	Q86US8	610963
ATP2A3	Q93084	601929
ENO3	P13929	131370
SOX15	O60248	601297
KDM6B	O15054	611577
GUCY2D	Q02846	600179
ALOXE3	Q9BYJ1	607206
MYH2	Q9UKX2	160740
LLGL1	Q15334	600966
ALDH3A2	P51648	609523
SLC47A2	Q86VL8	609833
ALDH3A1	P30838	100660
NOS2	P35228	163730
SLC13A2	Q13183	604148
KIAA0100	Q14667	610664
PIPOX	Q9P0Z9	616713
SEZ6	Q53EL9	616666
SLFN5	Q08AF3	614952
MRPL45	Q9BRJ2	611850
GPR179	Q6PRD1	614515
RARA	P10276	180240
APOH	P02749	138700
SOX9-AS1	anon	x
SOX9	P48436	608160
NT5C	Q8TCD5	191720
ACOX1	Q15067	609751
CBX2	Q14781	602770
CBX4	O00257	603079
FSCN2	O14926	607643
MRPL12	P52815	602375
SLC25A10	Q9UBX3	606794
GCGR	P47871	138033
PYCR1	P32322	179035
GPS1	Q13098	601934
FASN	P49327	600212
SLC16A3	O15427	603877
CSNK1D	P48730	600864
TBCD	Q9BTW9	604649
ZNF750	Q32MQ0	610226
CLUL1	Q15846	616990
TYMSOS	Q8TAI1	x
TYMS	P04818	188350
ENOSF1	Q7L5Y1	607427
ADCYAP1	P18509	102980
SMCHD1	A6NHR9	614982
LPIN2	Q92539	605519
MYOM1	P52179	603508
TGIF1	Q15583	602630
LAMA1	P25391	150320
NDUFV2	P19404	600532
TWSG1	Q9GZX9	605049
APCDD1	Q8J025	607479
PIEZO2	Q9H5I5	613629
GNAL	P38405	139312
IMPA2	O14732	605922
AFG3L2	Q9Y4W6	604581
RBBP8	Q99708	604124
NPC1	O15118	607623
LAMA3	Q16787	600805
DSC3	Q14574	600271
DSG1	Q02413	125670
DSG1-AS1	anon	x
DSG4	Q86SJ6	607892
GAREM1	Q9H706	617998
MEP1B	Q16820	600389
ASXL3	Q9C0F0	615115
ZNF24	P17028	194534
ELP2	Q6IA86	616054
MOCOS	Q96EN8	613274
PIK3C3	Q8NEB9	602609
SETBP1	Q9Y6X0	611060
SLC14A2	Q15849	601611
SLC14A1	Q13336	613868
EPG5	Q9HCE0	615068
ATP5F1A	P25705	164360
LOXHD1	Q8IVV2	613072
KATNAL2	Q8IYT4	614697
IER3IP1	Q9Y5U9	609382
LIPG	Q9Y5X9	603684
MYO5B	Q9ULV0	606540
CFAP53	Q96M91	614759
SMAD4	Q13485	600993
DCC	P43146	120470
TCF4	P15884	602272
RPL21P126	anon	x
FECH	P22830	612386
NARS	O43776	108410
ATP8B1	O43520	602397
NEDD4L	Q96PU5	606384
CCBE1	Q6UXH8	612753
PMAIP1	Q13794	604959
PIGN	O95427	606097
TNFRSF11A	Q9Y6Q6	603499
BCL2	P10415	151430
SERPINB5	P36952	154790
SERPINB11	Q96P15	615682
SERPINB3	P29508	600517
CD226	Q15762	605397
RTTN	Q86VV8	610436
NETO1	Q8TDF5	607973
CYB5A	P00167	613218
CNDP1	Q96KN2	609064
TSHZ1	Q6ZSZ6	614427
CTDP1	Q9Y5B0	604927
CELF4	Q9BZC1	612679
SMAD7	O15105	602932
MBD1	Q9UIS9	156535
ARHGAP45	Q92619	601155
POLR2E	P19388	180664
MUM1	Q2TAK8	x
AMH	P03971	600957
LMNB2	Q03252	150341
SH3GL1	Q99961	601768
TICAM1	Q8IUC6	607601
FUT3	P21217	111100
NDUFA11	Q86Y39	612638
RFX2	P48378	142765
CLPP	Q16740	601119
SLC25A23	Q9BV35	608746
TNFSF14	O43557	604520
C3	P01024	120700
INSR	P06213	147670
PNPLA6	Q8IY17	603197
STXBP2	Q15833	601717
RETN	Q9HD89	605565
FCER2	P06734	151445
CLEC4M	Q9H2X3	605872
TIMM44	O43615	605058
FBN3	Q75N90	608529
CD320	Q9NPF0	606475
ADAMTS10	Q9H324	608990
PIN1	Q13526	601052
PPAN-P2RY11	anon	x
P2RY11	Q96G91	602697
DNMT1	P26358	126375
ICAM1	P05362	147840
ICAM5	Q9UMF0	601852
FDX2	Q6P4F2	614585
TYK2	P29597	176941
SLC44A2	Q8IWA5	606106
ILF3	Q12906	603182
DNM2	P50570	602378
MIR6793	anon	x
SMARCA4	P51532	603254
LDLR	P01130	606945
MIR6886	anon	x
DOCK6	Q96HP0	614194
PRKCSH	P14314	177060
DNASE2	O00115	126350
KLF1	Q13351	600599
TRMT1	Q9NXH9	611669
CACNA1A	O00555	601011
MIR27A	anon	612153
NDUFB7	P17568	603842
NOTCH3	Q9UM47	600276
MIR6795	anon	x
CYP4F8	P98187	611545
CYP4F3	Q08477	601270
CYP4F12	Q9HCS2	611485
CYP4F11	Q9HBI6	611517
CALR3	Q96L12	611414
MYO9B	Q13459	602129
ABHD8	Q96I13	x
MRPL34	Q9BQ48	611840
NXNL1	Q96CM4	608791
SLC27A1	Q6PCB7	600691
B3GNT3	Q9Y2A9	605863
JAK3	P52333	600173
IL12RB1	P42701	601604
GDF15	Q99988	605312
NCAN	O14594	600826
C19orf12	Q9NSK7	614297
ZNF507	Q8TCN5	x
PDCD5	O14737	604583
SLC7A9	P82251	604144
CEP89	Q96ST8	615470
SLC7A10	Q9NS82	607959
PEPD	P12955	613230
GPI	P06744	172400
UBA2	Q9UBT2	613295
SCN1B	Q07699	600235
MAG	P20916	159460
FFAR1	O14842	603820
NPHS1	O60500	602716
SDHAF1	A6NFY7	612848
WDR62	O43379	613583
RYR1	P21817	180901
ACTN4	O43707	604638
SARS2	Q9NP81	612804
PRX	Q9BXM0	605725
SERTAD1	Q9UHV2	617850
LTBP4	Q8N2S1	604710
COQ8B	Q96D53	615567
RAB4B-EGLN2	anon	x
EGLN2	Q96KS0	606424
CYP2F1	P24903	124070
CYP2S1	Q96SQ9	611529
AXL	P30530	109135
HNRNPUL1	Q9BUJ2	605800
EXOSC5	Q9NQT4	606492
BCKDHA	P12694	608348
DMAC2	Q9NW81	617262
CEACAM5	P06731	114890
ATP1A3	P13637	182350
CD177	Q8N6Q3	162860
ETHE1	O95571	608451
XRCC1	P18887	194360
ZNF224	Q9NZL3	194555
PVR	P15151	173850
CEACAM16	Q2WEN9	614591
BCAM	P50895	612773
TOMM40	O96008	608061
APOC4	P55056	600745
APOC4-APOC2	anon	x
CLPTM1	O96005	604783
CKM	P06732	123310
ERCC2	P18074	126340
ERCC1	P07992	126380
OPA3	Q9H6K4	606580
SIX5	Q8N196	600963
DM1-AS	anon	x
DMPK	Q09013	605377
FOXA3	P55318	602295
CCDC8	Q9H0W5	614145
DACT3-AS1	anon	x
PRKD2	Q9BZL6	607074
KPTN	Q9Y664	615620
BICRA	Q9NZM4	605690
EHD2	Q9NZN4	605890
SULT2A1	Q06520	125263
PLA2G4C	Q9UP65	603602
LIG1	P18858	126391
CARD8	Q9Y2G2	609051
CCDC114	Q96M63	615038
SULT2B1	O00204	604125
BCAT2	O15382	113530
BAX	Q07812	600040
RUVBL2	Q9Y230	604788
MIR6798	anon	x
HRC	P23327	142705
ALDH16A1	Q8IZ83	613358
FCGRT	P55899	601437
IL4I1	Q96RQ9	609742
NUP62	P37198	605815
ATF5	Q9Y2D1	606398
MYH14	Q7Z406	608568
POLD1	P28340	174761
KLK3	P07288	176820
KLK4	Q9Y5K2	603767
KLK7	P49862	604438
KLK12	Q9UKR0	605539
ETFB	P38117	130410
LIM2	P55344	154045
SIGLEC12	Q96PQ1	606094
SPACA6P-AS	anon	x
SPACA6	W5XKT8	x
MIR125A	anon	611191
HAS1	Q92839	601463
FPR1	P21462	136537
ZNF480	Q8WV37	613910
NLRP12	P59046	609648
PRKCG	P05129	176980
NDUFA3	O95167	603832
CNOT3	O75175	604910
TSEN34	Q9BSV6	608754
KIR2DL3	P43628	604938
KIR2DL4	Q99706	604945
KIR3DL1	P43629	604946
FCAR	P24071	147045
NLRP7	Q8WX94	609661
NLRP2	Q9NX02	609364
GP6	Q9HCN6	605546
TNNI3	P19429	191044
DNAAF3	Q8N9W5	614566
SBK3	P0C264	x
GALP	Q9UBC7	611178
SLC27A5	Q9Y2P5	603314
HCN2	Q9UL51	602781
POLRMT	O00411	601778
CFD	P00746	134350
ABCA7	Q8IZY2	605414
STK11	Q15831	602216
NDUFS7	O75251	601825
UQCR11	O14957	609711
TCF3	P15923	147141
OAZ1	P54368	601579
MIR7108	anon	x
TBXA2R	P21731	188070
PIP5K1C	O60331	606102
RAX2	Q96IS3	610362
ATCAY	Q86WG3	608179
EEF2	P13639	130610
PLIN4	Q96Q06	613247
FUT6	P51993	136836
MLLT1	Q03111	159556
MCOLN1	Q9GZU1	605248
MRPL4	Q9BYD3	611823
ZNF627	Q7L945	612248
MAN2B1	O00754	609458
GCDH	Q92947	608801
SYCE2	Q6PIF2	611487
IFI30	P13284	604664
ISYNA1	Q9NPH2	611670
ELL	P55199	600284
GMIP	Q9P107	609694
UQCRFS1	P47985	191327
ANKRD27	Q96NW4	x
RGS9BP	Q6ZS82	607814
CD22	P20273	107266
ITPKC	Q96DU7	606476
CYP2A7	P20853	608054
CYP2G1P	Q6ZSU1	601133
TMEM91	Q6ZNR0	x
B9D2	Q9BPU9	611951
ZNF575	Q86XF7	x
MARK4	Q96L34	606495
BLOC1S3	Q6QNY0	609762
CD3EAP	O15446	107325
GIPR	P48546	137241
HSD17B14	Q9BPX1	612832
PIH1D1	Q9NWS0	611480
FUZ	Q9BT04	610622
PNKP	Q96T60	605610
SIGLEC16	A6NMB1	x
NR1H2	P55055	600380
KLK1	P06870	147910
TNNT1	P13805	191041
AURKC	Q9UQB9	603495
DEFB126	Q9BYW3	x
TRIB3	Q96RU7	607898
RBCK1	Q9BYM8	610924
SLC52A3	Q9NQ40	613350
RAD21L1	Q9H4I0	x
TGM6	O95932	613900
NOP56	O00567	614154
MRPS26	Q9BYN8	611988
ITPA	Q9BY32	147520
SLC4A11	Q8NBS3	610206
ADAM33	Q9BZ11	607114
PRNP	F7VJQ1	176640
PRND	Q9UKY0	604263
PROKR2	Q8NFJ6	607123
CHGB	P05060	118920
FERMT1	Q9BQL6	607900
BMP2	P12643	112261
PLCB1	Q9NQ66	607120
PAK5	Q9P286	608038
JAG1	P78504	601920
NDUFAF5	Q5TEU4	612360
MACROD2	A1Z1Q3	611567
FLRT3	Q9NZU0	604808
OTOR	Q9NRC9	606067
BFSP1	Q12934	603307
SEC23B	Q15437	610512
FOXA2	Q9Y261	600288
CST3	P01034	604312
ABHD12	Q8N2K0	613599
ASXL1	Q8IXJ9	612990
DNMT3B	Q9UBC3	602900
BPIFA1	Q9NP55	607412
CHMP4B	Q9H444	610897
AHCY	P23526	180960
GSS	P48637	601002
GDF5OS	Q5U4N7	x
GDF5	P43026	601146
CPNE1	Q99829	604205
EPB41L1	Q9H4G0	602879
SAMHD1	Q9Y3Z3	606754
MROH8	Q9H579	x
RPN2	P04844	180490
SRC	P12931	190090
TGM2	P21980	190196
BPI	P17213	109195
LBP	P18428	151990
CHD6	Q8TD26	616114
PTPRT	O14522	608712
MYBL2	P10244	601415
JPH2	Q9BR39	605267
ADA	P00813	608958
KCNS1	Q96KK3	602905
CTSA	P10619	613111
ZNF335	Q9H4Z2	610827
MMP9	P14780	120361
SLC12A5-AS1	anon	x
SLC12A5	Q9H2X9	606726
CD40	P25942	109535
CDH22	Q9UJ99	609920
SLC13A3	Q8WWT9	606411
TP53RK	Q96S44	608679
NCOA3	Q9Y6Q9	601937
ARFGEF2	Q9Y6D5	605371
PTGIS	Q16647	601699
RNF114	Q9Y508	612451
PTPN1	P18031	176885
ADNP	Q9H2P0	611386
ADNP-AS1	anon	x
DPM1	O60762	603503
SALL4	Q9UJQ4	607343
CYP24A1	Q07973	126065
AURKA	O14965	603072
PCK1	P35558	614168
VAPB	O95292	605704
STX16	O14662	603666
STX16-NPEPL1	anon	x
GNAS-AS1	anon	610540
CTSZ	Q9UBR2	603169
EDN3	P14138	131242
PSMA7	O14818	606607
COL9A3	Q14050	120270
IDH3B	O43837	604526
MAVS	Q7Z434	609676
PANK2	Q9BZ23	606157
MKKS	Q9NPJ1	604896
COX4I2	Q96KJ9	607976
LPIN3	Q9BQK8	605520
LAMA5	O15230	601033
MIR4758	anon	x
SLCO4A1	Q96BD0	612436
CHRNA4	P43681	118504
KCNQ2	O43526	602235
EEF1A2	Q05639	602959
RTEL1	Q9NZ71	608833
RTEL1-TNFRSF6B	anon	x
PRPF6	O94906	613979
OPRL1	P41146	602548
LIPI	Q6XZB0	609252
TMPRSS15	P98073	606635
MRPL39	Q9NYK5	611845
APP	P05067	104760
LTN1	O94822	613083
SYNJ1	O43426	604297
IFNAR2	P48551	602376
IL10RB	Q08334	123889
IFNAR1	P17181	107450
IFNGR2	P38484	147569
TMEM50B	P56557	617894
ATP5PO	P48047	600828
CBR3-AS1	anon	x
CBR3	O75828	603608
CLDN14	O95500	605608
HLCS	P50747	609018
KCNJ6	P48051	600877
KCNJ15	Q99712	602106
BRWD1	Q9NSI6	617824
DSCAM	O60469	602523
MX1	P20591	147150
RIPK4	P57078	605706
TFF1	P04155	113710
TMPRSS3	P57727	605511
RSPH1	Q8WYR4	609314
SLC37A1	P57057	608094
WDR4	P57081	605924
NDUFV3	P56181	602184
CBS	P35520	613381
PDXK	O00764	179020
TRAPPC10	P48553	602103
TRPM2	O94759	603749
TRPM2-AS	anon	x
ITGB2	P05107	600065
COL18A1	P39060	120328
COL6A1	P12109	120220
COL6A2	P12110	120240
LSS	P48449	600909
MCM3AP-AS1	anon	x
MCM3AP	O60318	603294
PCNT	O95613	605925
DIP2A	Q14689	607711
S100B	P04271	176990
NRIP1	P48552	602490
RCAN1	P53805	602917
SETD4	Q9NVD3	x
CBR1	P16152	114830
RRP1B	Q14684	610654
DNMT3L	Q9UJW3	606588
AIRE	O43918	607358
PFKL	P17858	171860
C21orf2	O43822	x
ADARB1	P78563	601218
SLC19A1	P41440	600424
IL17RA	Q96F46	605461
ADA2	Q9NZK5	607575
DGCR6	Q14129	601279
PRODH	O43272	606810
DGCR2	P98153	600594
ESS2	Q96DF8	601755
TSSK2	Q96PF2	610710
HIRA	P54198	600237
C22orf39	Q6P5X5	x
UFD1	Q92890	601754
TBX1	O43435	602054
GNB1L	Q9BYB4	610778
TXNRD2	Q9NNW7	606448
COMT	P21964	116790
MIR4761	anon	x
ARVCF	O00192	602269
SCARF2	Q96GP6	613619
PI4KA	P42356	600286
SERPIND1	P05546	142360
VPREB1	P12018	605141
BCR	P11274	151410
CABIN1	Q9Y6J0	604251
SPECC1L	Q69YQ0	614140
SPECC1L-ADORA2A	anon	x
UPB1	Q9UBR1	606673
PIWIL3	Q7Z3Z3	610314
CRYBB3	P26998	123630
CRYBB2	P43320	123620
GRK3	P35626	109636
MYO18B	Q8IUG5	607295
HPS4	Q9NQG7	606682
CRYBA4	P53673	123631
MIAT	anon	611082
MIATNB	anon	x
XBP1	P17861	194355
EWSR1	Q01844	133450
NEFH	P12036	162230
NIPSNAP1	Q9BPW8	603249
NF2	P35240	607379
SLC5A1	P13866	182380
FBXO7	Q9Y3I1	605648
SYN3	O14994	602705
TIMP3	P35625	188826
LARGE1	O95461	603590
APOL3	O95236	607253
APOL1	O14791	603743
MYH9	P35579	160775
NCF4	Q15080	601488
CSF2RB	P32927	138981
MPST	P25325	602496
TMPRSS6	Q8IU80	609862
TRIOBP	Q9H2D6	609761
CSNK1E	P49674	600863
TPTEP2-CSNK1E	anon	x
DMC1	Q14565	602721
APOBEC3G	Q9HC16	607113
APOBEC3H	Q6NTF7	610976
PDGFB	P01127	190040
SYNGR1	O43759	603925
ADSL	P30566	608222
MKL1	Q969V6	x
MCHR1	Q99705	601751
SLC25A17	O43808	606795
EP300	Q09472	602700
ACO2	Q99798	100850
SREBF2	Q12772	600481
NAGA	P17050	104170
NDUFA6	P56556	602138
A4GALT	Q9NPC4	607922
TSPO	B1AH88	109610
SULT4A1	Q9BR01	608359
PNPLA3	Q9NST1	609567
UPK3A	O75631	611559
SMC1B	Q8NDV3	608685
FBLN1	P23142	135820
ATXN10	Q9UBB4	611150
TRMU	O75648	610230
CELSR1	Q9NYQ6	604523
IL17REL	Q6ZVW7	613414
MLC1	Q15049	605908
TUBGCP6	Q96RT7	610053
SBF1	O95248	603560
DGCR5	anon	618040
DGCR9	anon	x
CLTCL1	P53675	601273
ZDHHC8	Q9ULC8	608784
SMARCB1	Q12824	601607
GGT5	P36269	137168
CHEK2	O96017	604373
PICK1	Q9NRD5	605926
TNFRSF13C	Q96RJ3	606269
NDUFA6-DT	anon	x
CYP2D6	P10635	124030
CYB5R3	P00387	613213
ALG12	Q9BV10	607144
NCAPH2	Q6IBW4	611230
TYMP	P19971	131222
CPT1B	Q92523	601987
CHKB-CPT1B	anon	x
CHKB	Q9Y259	612395
ARSA	P15289	607574
SHANK3	Q9BYB0	606230
GYG2	O15488	300198
ARSE	P51690	300180
ARSF	P54793	300003
ANOS1	P23352	300836
TBL1X	O60907	300196
GPR143	P51810	300808
ARHGAP6	O43182	300118
AMELX	Q99217	300391
FRMPD4	Q14CM0	300838
PRPS2	P11908	311860
TLR7	Q9NYK1	300365
TLR8	Q9NR97	300366
FANCB	Q8NB91	300515
PIGA	P37287	311770
REPS2	Q8NFH8	300317
NHS	Q6T4R5	300457
PDHA1	P08559	300502
MAP3K15	Q6ZN16	300820
RPS6KA3	P51812	300075
MBTPS2	O43462	300294
SMS	P52788	300105
PHEX	P78562	300550
PTCHD1-AS	anon	x
PTCHD1	Q96NR3	300828
EIF2S3	P41091	300161
POLA1	P09884	312040
IL1RAPL1	Q9NZN1	300206
NR0B1	P51843	300473
GK	P32189	300474
GK-AS1	anon	x
DMD	P11532	300377
BCOR	Q6W2J9	300485
USP9X	Q93008	300072
MAOA	P21397	309850
MAOB	P27338	309860
KDM6A	O15550	300128
UBA1	P22314	314370
CDK16	Q00536	311550
ARAF	P10398	311010
SYN1	P17600	313440
TIMP1	P01033	305370
CFP	P27918	300383
ELK1	P19419	311040
ZNF81	P51508	314998
WDR13	Q9H1Z4	300512
GATA1	P15976	305371
SLC35A2	P78381	314375
CACNA1F	O60840	300110
FOXP3	Q9BZS1	300292
DGKK	Q5KSL6	300837
SHROOM4	Q9ULL8	300579
BMP15	O95972	300247
GSPT2	Q8IYD1	300418
KDM5C	P41229	314690
MIR6894	anon	x
IQSEC2	Q5JU85	300522
HUWE1	Q7Z6Z7	300697
FGD1	P98174	300546
ITIH6	Q6UXX5	x
FAAH2	Q6GMR7	300654
AMER1	Q5JTC6	300647
EDA2R	Q9HAV5	300276
AR	P10275	313700
OPHN1	O60890	300127
EFNB1	P98172	300035
EDA	Q92838	300451
KIF4A	O95239	300521
DLG3	Q92796	300189
PIN4	Q9Y237	300252
RPS4X	P62701	312760
SLC16A2	P36021	300095
ABCB7	O75027	300135
ATRX	P46100	300032
ATP7A	Q04656	300011
PGK1	P00558	311800
CYSLTR1	Q9Y271	300201
BRWD3	Q6RI45	300553
POU3F4	P49335	300039
SATL1	Q86VE3	x
POF1B	Q8WVV4	300603
DIAPH2	O60879	300108
SRPX2	O60687	300642
DRP2	Q13474	300052
TAF7L	Q5H9L4	300314
NXF3	Q9H4D5	300316
H2BFWT	Q7Z2G1	300507
COL4A6	Q14031	303631
ACSL4	O60488	300157
CHRDL1	Q9BU40	300350
HTR2C	P28335	312861
SLC25A43	Q8WUT9	300641
SLC25A5	P05141	300150
UPF3B	Q9BZI7	300298
LAMP2	P13473	309060
CUL4B	Q13620	300304
GRIA3	P42263	305915
THOC2	Q8NI27	300395
XIAP	P98170	300079
XPNPEP2	O43895	300145
ZDHHC9	Q9Y397	300646
BCORL1	Q5H9F3	300688
IGSF1	Q8N6C5	300137
USP26	Q9BXU7	300309
GPC3	P51654	300037
ZNF75D	P51815	314997
FHL1	Q13642	300163
MAP7D3	Q8IWC1	300930
F9	P00740	300746
MCF2	P10911	311030
LINC00632	anon	x
CDR1	P51861	302650
MIR510	anon	300866
FMR1	Q06787	309550
AFF2	P51816	300806
IDS	P22304	300823
MAMLD1	Q13495	300120
GABRE	P78334	300093
GABRQ	Q9UN88	300349
NSDHL	Q15738	300275
ATP2B3	Q16720	300014
AVPR2	P30518	300538
HCFC1	P51610	300019
IRAK1	P51617	300283
FLNA	P21333	300017
TAZ	Q16635	300394
DKC1	O60832	300126
TMLHE-AS1	anon	x
TMLHE	Q9NVH6	300777
CLCN4	P51793	302910
ATXN3L	Q9H3M9	300920
ZFX	P17010	314980
SYTL5	Q8TDW5	x
RPGR	Q92834	312610
ATP6AP2	O75787	300556
CASK	O14936	300172
ZNF674	Q2M3X9	300573
SYP	P08247	313475
SYP-AS1	anon	x
CCDC22	O60826	300859
SMC1A	Q14683	300040
RIBC1	Q8N443	x
MED12	Q93074	300188
NLGN3	Q9NZ94	300336
ZMYM3	Q14202	300061
HDAC8	Q9BY41	300269
XIST	anon	314670
PCDH19	Q8TAB3	300460
PAK3	O75914	300142
GPC4	O75487	300168
MTM1	Q13496	300415
ABCD1	P33897	300371
DNASE1L1	P49184	300081
